[
{"field1":"1","網址":"https://online.carrefour.com.tw/zh/%E5%AE%B6%E6%A8%82%E7%A6%8F/1220110500101.html"}
,
{"field1":"2","網址":"https://online.carrefour.com.tw/zh/%E5%94%AF%E6%BD%94%E9%9B%85/1220107700124.html"}
,
{"field1":"3","網址":"https://online.carrefour.com.tw/zh/%E5%80%8D%E6%BD%94%E9%9B%85/1220111000112.html"}
,
{"field1":"4","網址":"https://online.carrefour.com.tw/zh/%E4%BA%94%E6%9C%88%E8%8A%B1/1220104900172.html"}
,
{"field1":"5","網址":"https://online.carrefour.com.tw/zh/%E4%BA%94%E6%9C%88%E8%8A%B1/1220104900124.html"}
,
{"field1":"6","網址":"https://online.carrefour.com.tw/zh/%E6%83%85%E4%BA%BA/1220001700106.html"}
,
{"field1":"7","網址":"https://online.carrefour.com.tw/zh/%E7%99%BE%E5%90%89/1220101600112.html"}
,
{"field1":"8","網址":"https://online.carrefour.com.tw/zh/%E6%83%85%E4%BA%BA/1220001700136.html"}
,
{"field1":"9","網址":"https://online.carrefour.com.tw/zh/%E9%9B%AA%E6%9F%94/1220100300112.html"}
,
{"field1":"10","網址":"https://online.carrefour.com.tw/zh/%E7%99%BE%E5%90%89/1220101600172.html"}
,
{"field1":"11","網址":"https://online.carrefour.com.tw/zh/%E6%98%A5%E9%A2%A8/1220200500108.html"}
,
{"field1":"12","網址":"https://online.carrefour.com.tw/zh/%E8%88%92%E6%BD%94/1220102200103.html"}
,
{"field1":"13","網址":"https://online.carrefour.com.tw/zh/%E8%88%92%E6%BD%94/1220102200136.html"}
,
{"field1":"14","網址":"https://online.carrefour.com.tw/zh/%E6%98%A5%E9%A2%A8/1220200500101.html"}
,
{"field1":"15","網址":"https://online.carrefour.com.tw/zh/%E6%98%A5%E9%A2%A8/1220189500101.html"}
,
{"field1":"16","網址":"https://online.carrefour.com.tw/zh/%E6%98%A5%E9%A2%A8/1220000800106.html"}
,
{"field1":"17","網址":"https://online.carrefour.com.tw/zh/%E5%8F%AF%E9%BA%97%E8%88%92/1220100500172.html"}
,
{"field1":"18","網址":"https://online.carrefour.com.tw/zh/%E5%8F%AF%E9%BA%97%E8%88%92/1220100500112.html"}
,
{"field1":"19","網址":"https://online.carrefour.com.tw/zh/%E8%88%92%E6%BD%94/1220000600106.html"}
,
{"field1":"20","網址":"https://online.carrefour.com.tw/zh/%E5%84%AA%E6%B4%BB/1220110400124.html"}
,
{"field1":"21","網址":"https://online.carrefour.com.tw/zh/%E6%9F%94%E6%83%85/1220104600112.html"}
,
{"field1":"22","網址":"https://online.carrefour.com.tw/zh/%E8%88%92%E9%81%A9/1220100600172.html"}
,
{"field1":"23","網址":"https://online.carrefour.com.tw/zh/%E8%88%92%E6%BD%94/1220000600148.html"}
,
{"field1":"24","網址":"https://online.carrefour.com.tw/zh/%E8%88%92%E9%81%A9/1220100600124.html"}
,
{"field1":"25","網址":"https://online.carrefour.com.tw/zh/%E5%AE%B6%E6%A8%82%E7%A6%8F/1220112900101.html"}
,
{"field1":"26","網址":"https://online.carrefour.com.tw/zh/%E9%87%91%E8%88%92%E9%81%A9/1220109200120.html"}
,
{"field1":"27","網址":"https://online.carrefour.com.tw/zh/%E5%80%8D%E6%BD%94%E9%9B%85/1220110300124.html"}
,
{"field1":"28","網址":"https://online.carrefour.com.tw/zh/%E6%98%A5%E9%A2%A8/1220189400112.html"}
,
{"field1":"29","網址":"https://online.carrefour.com.tw/zh/%E6%B7%A8%E4%B8%96%E4%BB%A3/1220106100112.html"}
,
{"field1":"30","網址":"https://online.carrefour.com.tw/zh/%E6%B7%A8%E4%B8%96%E4%BB%A3/1220106100172.html"}
,
{"field1":"31","網址":"https://online.carrefour.com.tw/zh/%E8%88%92%E6%BD%94/1220107900112.html"}
,
{"field1":"32","網址":"https://online.carrefour.com.tw/zh/%E8%88%92%E9%81%A9/1220108700120.html"}
,
{"field1":"33","網址":"https://online.carrefour.com.tw/zh/%E6%98%A5%E9%A2%A8/1220103400160.html"}
,
{"field1":"34","網址":"https://online.carrefour.com.tw/zh/%E8%88%92%E6%BD%94/1220103000120.html"}
,
{"field1":"35","網址":"https://online.carrefour.com.tw/zh/%E6%98%A5%E9%A2%A8/1220103400120.html"}
,
{"field1":"36","網址":"https://online.carrefour.com.tw/zh/%E6%98%A5%E9%A2%A8/1220105100110.html"}
,
{"field1":"37","網址":"https://online.carrefour.com.tw/zh/%E5%BE%97%E6%84%8F/1220103100124.html"}
,
{"field1":"38","網址":"https://online.carrefour.com.tw/zh/%E6%9F%94%E6%83%85/1220104800124.html"}
,
{"field1":"39","網址":"https://online.carrefour.com.tw/zh/%E5%8F%AF%E9%BA%97%E8%88%92/1220104200112.html"}
,
{"field1":"40","網址":"https://online.carrefour.com.tw/zh/%E5%8F%AF%E9%BA%97%E8%88%92/1220104200172.html"}
,
{"field1":"41","網址":"https://online.carrefour.com.tw/zh/%E5%AE%B6%E6%A8%82%E7%A6%8F/1220203900106.html"}
,
{"field1":"42","網址":"https://online.carrefour.com.tw/zh/%E8%92%B2%E5%85%AC%E8%8B%B1/1220106500112.html"}
,
{"field1":"43","網址":"https://online.carrefour.com.tw/zh/%E5%AE%B6%E6%A8%82%E7%A6%8F/1220203900101.html"}
,
{"field1":"44","網址":"https://online.carrefour.com.tw/zh/%E8%92%B2%E5%85%AC%E8%8B%B1/1220106500172.html"}
,
{"field1":"45","網址":"https://online.carrefour.com.tw/zh/%E8%88%92%E6%BD%94/1220108600103.html"}
,
{"field1":"46","網址":"https://online.carrefour.com.tw/zh/%E5%AE%B6%E6%A8%82%E7%A6%8F/1220111100103.html"}
,
{"field1":"47","網址":"https://online.carrefour.com.tw/zh/%E5%80%8D%E6%BD%94%E9%9B%85/1220110000112.html"}
,
{"field1":"48","網址":"https://online.carrefour.com.tw/zh/%E8%88%92%E9%81%A9/1220111300120.html"}
,
{"field1":"49","網址":"https://online.carrefour.com.tw/zh/%E4%BA%94%E6%9C%88%E8%8A%B1/1220113300112.html"}
,
{"field1":"50","網址":"https://online.carrefour.com.tw/zh/%E6%98%A5%E9%A2%A8/1220104300110.html"}
,
{"field1":"51","網址":"https://online.carrefour.com.tw/zh/%E6%98%A5%E9%A2%A8/1220104300170.html"}
,
{"field1":"52","網址":"https://online.carrefour.com.tw/zh/%E6%98%A5%E9%A2%A8/1220106900124.html"}
,
{"field1":"53","網址":"https://online.carrefour.com.tw/zh/%E6%98%A5%E9%A2%A8/1220106900172.html"}
,
{"field1":"54","網址":"https://online.carrefour.com.tw/zh/%E5%AE%B6%E6%A8%82%E7%A6%8F/1220110500103.html"}
,
{"field1":"55","網址":"https://online.carrefour.com.tw/zh/%E5%80%8D%E6%BD%94%E9%9B%85/1220109800114.html"}
,
{"field1":"56","網址":"https://online.carrefour.com.tw/zh/%E4%BA%94%E6%9C%88%E8%8A%B1/1220200600116.html"}
,
{"field1":"57","網址":"https://online.carrefour.com.tw/zh/%E5%AE%B6%E6%A8%82%E7%A6%8F/1220110800101.html"}
,
{"field1":"58","網址":"https://online.carrefour.com.tw/zh/%E5%AE%B6%E6%A8%82%E7%A6%8F/1220110800106.html"}
,
{"field1":"59","網址":"https://online.carrefour.com.tw/zh/%E5%AE%B6%E6%A8%82%E7%A6%8F/1220111500104.html"}
,
{"field1":"60","網址":"https://online.carrefour.com.tw/zh/%E4%BA%94%E6%9C%88%E8%8A%B1/1220200600101.html"}
,
{"field1":"61","網址":"https://online.carrefour.com.tw/zh/%E5%94%AF%E6%BD%94%E9%9B%85/1220110100112.html"}
,
{"field1":"62","網址":"https://online.carrefour.com.tw/zh/%E5%AE%B6%E6%A8%82%E7%A6%8F/1220110700110.html"}
,
{"field1":"63","網址":"https://online.carrefour.com.tw/zh/%E6%98%A5%E9%A2%A8/1220108300112.html"}
,
{"field1":"64","網址":"https://online.carrefour.com.tw/zh/%E5%AE%B6%E6%A8%82%E7%A6%8F/1220200700101.html"}
,
{"field1":"65","網址":"https://online.carrefour.com.tw/zh/%E5%AE%B6%E6%A8%82%E7%A6%8F/1220200700108.html"}
,
{"field1":"66","網址":"https://online.carrefour.com.tw/zh/%E5%BE%97%E6%84%8F/1220107100124.html"}
,
{"field1":"67","網址":"https://online.carrefour.com.tw/zh/%E6%98%A5%E9%A2%A8/1220102000172.html"}
,
{"field1":"68","網址":"https://online.carrefour.com.tw/zh/%E6%98%A5%E9%A2%A8/1220102000124.html"}
,
{"field1":"69","網址":"https://online.carrefour.com.tw/zh/%E8%88%92%E6%BD%94/1220105900124.html"}
,
{"field1":"70","網址":"https://online.carrefour.com.tw/zh/%E5%BE%97%E6%84%8F/1220107100172.html"}
,
{"field1":"71","網址":"https://online.carrefour.com.tw/zh/%E5%AE%B6%E6%A8%82%E7%A6%8F/1220000100106.html"}
,
{"field1":"72","網址":"https://online.carrefour.com.tw/zh/%E5%AE%B6%E6%A8%82%E7%A6%8F/1220000100136.html"}
,
{"field1":"73","網址":"https://online.carrefour.com.tw/zh/%E5%AE%B6%E6%A8%82%E7%A6%8F/1220108000101.html"}
,
{"field1":"74","網址":"https://online.carrefour.com.tw/zh/%E4%BA%94%E6%9C%88%E8%8A%B1/1220103700124.html"}
,
{"field1":"75","網址":"https://online.carrefour.com.tw/zh/%E8%88%92%E6%BD%94/1220112300110.html"}
,
{"field1":"76","網址":"https://online.carrefour.com.tw/zh/%E8%88%92%E6%BD%94/1220106800101.html"}
,
{"field1":"77","網址":"https://online.carrefour.com.tw/zh/%E8%88%92%E6%BD%94/1220112200101.html"}
,
{"field1":"78","網址":"https://online.carrefour.com.tw/zh/%E8%88%92%E6%BD%94/1220115100101.html"}
,
{"field1":"79","網址":"https://online.carrefour.com.tw/zh/%E8%88%92%E6%BD%94/1220110200101.html"}
,
{"field1":"80","網址":"https://online.carrefour.com.tw/zh/%E5%AE%B6%E6%A8%82%E7%A6%8F/1220112000101.html"}
,
{"field1":"81","網址":"https://online.carrefour.com.tw/zh/%E8%88%92%E6%BD%94/1220204900101.html"}
,
{"field1":"82","網址":"https://online.carrefour.com.tw/zh/%E5%94%AF%E6%BD%94%E9%9B%85/1220108800101.html"}
,
{"field1":"83","網址":"https://online.carrefour.com.tw/zh/%E4%BA%94%E6%9C%88%E8%8A%B1/1220103800110.html"}
,
{"field1":"84","網址":"https://online.carrefour.com.tw/zh/%E5%8F%AF%E9%BA%97%E8%88%92/1220104500101.html"}
,
{"field1":"85","網址":"https://online.carrefour.com.tw/zh/%E4%BA%94%E6%9C%88%E8%8A%B1/1220114900124.html"}
,
{"field1":"86","網址":"https://online.carrefour.com.tw/zh/%E5%AE%B6%E6%A8%82%E7%A6%8F/1220102400120.html"}
,
{"field1":"87","網址":"https://online.carrefour.com.tw/zh/3554200700101.html"}
,
{"field1":"88","網址":"https://online.carrefour.com.tw/zh/%E4%BA%94%E6%9C%88%E8%8A%B1/1220103500110.html"}
,
{"field1":"89","網址":"https://online.carrefour.com.tw/zh/%E4%BA%94%E6%9C%88%E8%8A%B1/1220103500160.html"}
,
{"field1":"90","網址":"https://online.carrefour.com.tw/zh/%E5%AE%B6%E6%A8%82%E7%A6%8F/1220189600110.html"}
,
{"field1":"91","網址":"https://online.carrefour.com.tw/zh/%E5%AE%B6%E6%A8%82%E7%A6%8F/1220189600160.html"}
,
{"field1":"92","網址":"https://online.carrefour.com.tw/zh/%E6%98%A5%E9%A2%A8/1222100900108.html"}
,
{"field1":"93","網址":"https://online.carrefour.com.tw/zh/%E5%BE%97%E6%84%8F/1222001500108.html"}
,
{"field1":"94","網址":"https://online.carrefour.com.tw/zh/%E5%80%8D%E6%BD%94%E9%9B%85/1220102800101.html"}
,
{"field1":"95","網址":"https://online.carrefour.com.tw/zh/%E5%80%8D%E6%BD%94%E9%9B%85/1220105400101.html"}
,
{"field1":"96","網址":"https://online.carrefour.com.tw/zh/%E6%98%A5%E9%A2%A8/1220000800136.html"}
,
{"field1":"97","網址":"https://online.carrefour.com.tw/zh/%E6%98%A5%E9%A2%A8/1220189500112.html"}
,
{"field1":"98","網址":"https://online.carrefour.com.tw/zh/%E7%94%9F%E6%B4%BB%E5%A4%A7%E5%B8%AB/3170404800101.html"}
,
{"field1":"99","網址":"https://online.carrefour.com.tw/zh/%E7%94%9F%E6%B4%BB%E5%A4%A7%E5%B8%AB/3170404800301.html"}
,
{"field1":"100","網址":"https://online.carrefour.com.tw/zh/3170403300101.html"}
,
{"field1":"101","網址":"https://online.carrefour.com.tw/zh/%E5%AE%B6%E6%A8%82%E7%A6%8F/1220111200103.html"}
,
{"field1":"102","網址":"https://online.carrefour.com.tw/zh/%E8%88%92%E6%BD%94/1220105300101.html"}
,
{"field1":"103","網址":"https://online.carrefour.com.tw/zh/%E8%88%92%E6%BD%94/1220189700102.html"}
,
{"field1":"104","網址":"https://online.carrefour.com.tw/zh/%E7%94%9F%E6%B4%BB%E5%A4%A7%E5%B8%AB/3170404200201.html"}
,
{"field1":"105","網址":"https://online.carrefour.com.tw/zh/%E7%94%9F%E6%B4%BB%E5%A4%A7%E5%B8%AB/3170404200301.html"}
,
{"field1":"106","網址":"https://online.carrefour.com.tw/zh/%E7%94%9F%E6%B4%BB%E5%A4%A7%E5%B8%AB/3170404200101.html"}
,
{"field1":"107","網址":"https://online.carrefour.com.tw/zh/%E5%AE%B6%E8%80%8C%E9%81%A9/3170401200101.html"}
,
{"field1":"108","網址":"https://online.carrefour.com.tw/zh/%E5%AE%B6%E8%80%8C%E9%81%A9/3170400400101.html"}
,
{"field1":"109","網址":"https://online.carrefour.com.tw/zh/3m/3170404000101.html"}
,
{"field1":"110","網址":"https://online.carrefour.com.tw/zh/%E8%88%92%E6%BD%94/1220113000101.html"}
,
{"field1":"111","網址":"https://online.carrefour.com.tw/zh/3176000100101.html"}
,
{"field1":"112","網址":"https://online.carrefour.com.tw/zh/%E5%AE%B6%E8%80%8C%E9%81%A9/3170403400101.html"}
,
{"field1":"113","網址":"https://online.carrefour.com.tw/zh/%E6%98%A5%E9%A2%A8/1220102500172.html"}
,
{"field1":"114","網址":"https://online.carrefour.com.tw/zh/%E6%98%A5%E9%A2%A8/1220102500112.html"}
,
{"field1":"115","網址":"https://online.carrefour.com.tw/zh/3m/3170793600101.html"}
,
{"field1":"116","網址":"https://online.carrefour.com.tw/zh/%E4%BA%9E%E5%85%8B/3553100900101.html"}
,
{"field1":"117","網址":"https://online.carrefour.com.tw/zh/%E4%BA%9E%E5%85%8B/3554301600101.html"}
,
{"field1":"118","網址":"https://online.carrefour.com.tw/zh/%E5%A8%81%E7%8C%9B%E5%85%88%E7%94%9F/3176292000101.html"}
,
{"field1":"119","網址":"https://online.carrefour.com.tw/zh/%E5%A8%81%E7%8C%9B%E5%85%88%E7%94%9F/3176291900101.html"}
,
{"field1":"120","網址":"https://online.carrefour.com.tw/zh/%E4%BA%9E%E5%85%8B/3554302900101.html"}
,
{"field1":"121","網址":"https://online.carrefour.com.tw/zh/%E5%80%8D%E6%BD%94%E9%9B%85/1220104100106.html"}
,
{"field1":"122","網址":"https://online.carrefour.com.tw/zh/%E5%80%8D%E6%BD%94%E9%9B%85/1220104100172.html"}
,
{"field1":"123","網址":"https://online.carrefour.com.tw/zh/%E7%99%BE%E5%90%89/1220000300136.html"}
,
{"field1":"124","網址":"https://online.carrefour.com.tw/zh/%E7%99%BE%E5%90%89/1220000300106.html"}
,
{"field1":"125","網址":"https://online.carrefour.com.tw/zh/%E5%94%AF%E6%BD%94%E9%9B%85/1220106700130.html"}
,
{"field1":"126","網址":"https://online.carrefour.com.tw/zh/%E5%8F%AF%E9%BA%97%E8%88%92/1220189800172.html"}
,
{"field1":"127","網址":"https://online.carrefour.com.tw/zh/%E5%8F%AF%E9%BA%97%E8%88%92/1220189800124.html"}
,
{"field1":"128","網址":"https://online.carrefour.com.tw/zh/%E6%98%A5%E9%A2%A8/1221101900101.html"}
,
{"field1":"129","網址":"https://online.carrefour.com.tw/zh/%E5%AE%B6%E6%A8%82%E7%A6%8F/1220200900108.html"}
,
{"field1":"130","網址":"https://online.carrefour.com.tw/zh/%E5%AE%B6%E6%A8%82%E7%A6%8F/1220200900101.html"}
,
{"field1":"131","網址":"https://online.carrefour.com.tw/zh/%E5%AE%B6%E6%A8%82%E7%A6%8F/1220200800101.html"}
,
{"field1":"132","網址":"https://online.carrefour.com.tw/zh/%E5%8F%AF%E9%BA%97%E8%88%92/1220109600120.html"}
,
{"field1":"133","網址":"https://online.carrefour.com.tw/zh/%E5%AE%B6%E6%A8%82%E7%A6%8F/1220112800101.html"}
,
{"field1":"134","網址":"https://online.carrefour.com.tw/zh/%E8%88%92%E6%BD%94/1220114800108.html"}
,
{"field1":"135","網址":"https://online.carrefour.com.tw/zh/%E5%BE%97%E6%84%8F/1220100100124.html"}
,
{"field1":"136","網址":"https://online.carrefour.com.tw/zh/%E5%BE%97%E6%84%8F/1220100100172.html"}
,
{"field1":"137","網址":"https://online.carrefour.com.tw/zh/%E8%88%92%E6%BD%94/1220113400106.html"}
,
{"field1":"138","網址":"https://online.carrefour.com.tw/zh/%E8%88%92%E6%BD%94/1220112400110.html"}
,
{"field1":"139","網址":"https://online.carrefour.com.tw/zh/%E8%88%92%E6%BD%94/1220109700120.html"}
,
{"field1":"140","網址":"https://online.carrefour.com.tw/zh/%E6%98%A5%E9%A2%A8/1220100800120.html"}
,
{"field1":"141","網址":"https://online.carrefour.com.tw/zh/%E8%88%92%E6%BD%94/1220115500101.html"}
,
{"field1":"142","網址":"https://online.carrefour.com.tw/zh/%E4%BA%94%E6%9C%88%E8%8A%B1/1220115300101.html"}
,
{"field1":"143","網址":"https://online.carrefour.com.tw/zh/%E6%98%A5%E9%A2%A8/1220107200112.html"}
,
{"field1":"144","網址":"https://online.carrefour.com.tw/zh/%E6%98%A5%E9%A2%A8/1220107200172.html"}
,
{"field1":"145","網址":"https://online.carrefour.com.tw/zh/%E5%80%8D%E6%BD%94%E9%9B%85/1220106400120.html"}
,
{"field1":"146","網址":"https://online.carrefour.com.tw/zh/%E5%80%8D%E6%BD%94%E9%9B%85/1220106400180.html"}
,
{"field1":"147","網址":"https://online.carrefour.com.tw/zh/%E4%BA%94%E6%9C%88%E8%8A%B1/1220111600101.html"}
,
{"field1":"148","網址":"https://online.carrefour.com.tw/zh/3170402400101.html"}
,
{"field1":"149","網址":"https://online.carrefour.com.tw/zh/%E7%94%9F%E6%B4%BB%E5%A4%A7%E5%B8%AB/3170404800201.html"}
,
{"field1":"150","網址":"https://online.carrefour.com.tw/zh/%E6%98%A5%E9%A2%A8/1221101900120.html"}
,
{"field1":"151","網址":"https://shop.7-11.com.tw/shop/rui005.faces?ID=620200000082"}
,
{"field1":"152","網址":"https://shop.7-11.com.tw/shop/rui005.faces?ID=220100007256"}
,
{"field1":"153","網址":"https://shop.7-11.com.tw/shop/rui005.faces?ID=211200019820"}
,
{"field1":"154","網址":"https://shop.7-11.com.tw/shop/rui005.faces?ID=211200005041"}
,
{"field1":"155","網址":"https://shop.7-11.com.tw/shop/rui005.faces?ID=211200005050"}
,
{"field1":"156","網址":"https://shop.7-11.com.tw/shop/rui005.faces?ID=211200005078"}
,
{"field1":"157","網址":"https://shop.7-11.com.tw/shop/rui005.faces?ID=211200005096"}
,
{"field1":"158","網址":"https://shop.7-11.com.tw/shop/rui005.faces?ID=211200004664"}
,
{"field1":"159","網址":"https://shop.7-11.com.tw/shop/rui005.faces?ID=211200000091"}
,
{"field1":"160","網址":"https://shop.7-11.com.tw/shop/rui005.faces?ID=211100001496"}
,
{"field1":"161","網址":"https://shop.7-11.com.tw/shop/rui005.faces?ID=211000006446"}
,
{"field1":"162","網址":"https://shop.7-11.com.tw/shop/rui005.faces?ID=210900001298"}
,
{"field1":"163","網址":"https://shop.7-11.com.tw/shop/rui005.faces?ID=210800021520"}
,
{"field1":"164","網址":"https://shop.7-11.com.tw/shop/rui005.faces?ID=210800021548"}
,
{"field1":"165","網址":"https://shop.7-11.com.tw/shop/rui005.faces?ID=210800020071"}
,
{"field1":"166","網址":"https://shop.7-11.com.tw/shop/rui005.faces?ID=210800018362"}
,
{"field1":"167","網址":"https://shop.7-11.com.tw/shop/rui005.faces?ID=210800009407"}
,
{"field1":"168","網址":"https://shop.7-11.com.tw/shop/rui005.faces?ID=210800009434"}
,
{"field1":"169","網址":"https://shop.7-11.com.tw/shop/rui005.faces?ID=210800008309"}
,
{"field1":"170","網址":"https://shop.7-11.com.tw/shop/rui005.faces?ID=210700017435"}
,
{"field1":"171","網址":"https://shop.7-11.com.tw/shop/rui005.faces?ID=210700007463"}
,
{"field1":"172","網址":"https://shop.7-11.com.tw/shop/rui005.faces?ID=210700007481"}
,
{"field1":"173","網址":"https://shop.7-11.com.tw/shop/rui005.faces?ID=210700004060"}
,
{"field1":"174","網址":"https://shop.7-11.com.tw/shop/rui005.faces?ID=210700004079"}
,
{"field1":"175","網址":"https://shop.7-11.com.tw/shop/rui005.faces?ID=210700004088"}
,
{"field1":"176","網址":"https://shop.7-11.com.tw/shop/rui005.faces?ID=210700004097"}
,
{"field1":"177","網址":"https://shop.7-11.com.tw/shop/rui005.faces?ID=210700004105"}
,
{"field1":"178","網址":"https://shop.7-11.com.tw/shop/rui005.faces?ID=210700004114"}
,
{"field1":"179","網址":"https://shop.7-11.com.tw/shop/rui005.faces?ID=210700004123"}
,
{"field1":"180","網址":"https://shop.7-11.com.tw/shop/rui005.faces?ID=210700001423"}
,
{"field1":"181","網址":"https://shop.7-11.com.tw/shop/rui005.faces?ID=210700001432"}
,
{"field1":"182","網址":"https://shop.7-11.com.tw/shop/rui005.faces?ID=210600018597"}
,
{"field1":"183","網址":"https://shop.7-11.com.tw/shop/rui005.faces?ID=210600018605"}
,
{"field1":"184","網址":"https://shop.7-11.com.tw/shop/rui005.faces?ID=210600018614"}
,
{"field1":"185","網址":"https://shop.7-11.com.tw/shop/rui005.faces?ID=210600012719"}
,
{"field1":"186","網址":"https://shop.7-11.com.tw/shop/rui005.faces?ID=210600012728"}
,
{"field1":"187","網址":"https://shop.7-11.com.tw/shop/rui005.faces?ID=210600012737"}
,
{"field1":"188","網址":"https://shop.7-11.com.tw/shop/rui005.faces?ID=210600012395"}
,
{"field1":"189","網址":"https://shop.7-11.com.tw/shop/rui005.faces?ID=210600012403"}
,
{"field1":"190","網址":"https://shop.7-11.com.tw/shop/rui005.faces?ID=210600012421"}
,
{"field1":"191","網址":"https://shop.7-11.com.tw/shop/rui005.faces?ID=210600012430"}
,
{"field1":"192","網址":"https://shop.7-11.com.tw/shop/rui005.faces?ID=210300014771"}
,
{"field1":"193","網址":"https://shop.7-11.com.tw/shop/rui005.faces?ID=210300014780"}
,
{"field1":"194","網址":"https://shop.7-11.com.tw/shop/rui005.faces?ID=210300014799"}
,
{"field1":"195","網址":"https://shop.7-11.com.tw/shop/rui005.faces?ID=210300014807"}
,
{"field1":"196","網址":"https://shop.7-11.com.tw/shop/rui005.faces?ID=210200004899"}
,
{"field1":"197","網址":"https://shop.7-11.com.tw/shop/rui005.faces?ID=200700080679"}
,
{"field1":"198","網址":"https://shop.7-11.com.tw/shop/rui005.faces?ID=200500134408"}
,
{"field1":"199","網址":"https://shop.7-11.com.tw/shop/rui005.faces?ID=200200134129"}
,
{"field1":"200","網址":"https://shop.7-11.com.tw/shop/rui005.faces?ID=191200034049"}
,
{"field1":"201","網址":"https://shop.7-11.com.tw/shop/rui005.faces?ID=191000049025"}
,
{"field1":"202","網址":"https://shop.7-11.com.tw/shop/rui005.faces?ID=190300114950"}
,
{"field1":"203","網址":"https://shop.7-11.com.tw/shop/rui005.faces?ID=190300077862"}
,
{"field1":"204","網址":"https://shop.7-11.com.tw/shop/rui005.faces?ID=181200059079"}
,
{"field1":"205","網址":"https://shop.7-11.com.tw/shop/rui005.faces?ID=181200059114"}
,
{"field1":"206","網址":"https://shop.7-11.com.tw/shop/rui005.faces?ID=180900014672"}
,
{"field1":"207","網址":"https://shop.7-11.com.tw/shop/rui005.faces?ID=180700000767"}
,
{"field1":"208","網址":"https://shop.7-11.com.tw/shop/rui005.faces?ID=180400035444"}
,
{"field1":"209","網址":"https://shop.7-11.com.tw/shop/rui005.faces?ID=161200183675"}
,
{"field1":"210","網址":"https://shop.7-11.com.tw/shop/rui005.faces?ID=160800149402"}

]
