[
{"field1":"0","賣場":"家樂福","品名":"家樂福抽取式衛生紙-FSC-110PCx24包","品牌":"家樂福","種類":"抽取","價格":"$269","圖片":"https://online.carrefour.com.tw/dw/image/v2/BFHC_PRD/on/demandware.static/-/Sites-carrefour-tw-m-inner/default/dwdd74c1e9/images/large/0260014_-fsc-110x24.png?sw=300&bgcolor=FFFFFF","網址":"https://online.carrefour.com.tw/zh/%E5%AE%B6%E6%A8%82%E7%A6%8F/1220110500101.html"}
,
{"field1":"1","賣場":"家樂福","品名":"唯潔雅抽取式衛生紙100PCx24","品牌":"唯潔雅","種類":"抽取","價格":"$208","圖片":"https://online.carrefour.com.tw/dw/image/v2/BFHC_PRD/on/demandware.static/-/Sites-carrefour-tw-m-inner/default/dwede0c52c/images/large/0275779.jpeg?sw=300&bgcolor=FFFFFF","網址":"https://online.carrefour.com.tw/zh/%E5%94%AF%E6%BD%94%E9%9B%85/1220107700124.html"}
,
{"field1":"2","賣場":"家樂福","品名":"倍潔雅無漂白PEFC衛生紙-100PC","品牌":"倍潔雅","種類":"","價格":"$142","圖片":"https://online.carrefour.com.tw/dw/image/v2/BFHC_PRD/on/demandware.static/-/Sites-carrefour-tw-m-inner/default/dw8c24e787/images/large/0230125_efc.png?sw=300&bgcolor=FFFFFF","網址":"https://online.carrefour.com.tw/zh/%E5%80%8D%E6%BD%94%E9%9B%85/1220111000112.html"}
,
{"field1":"3","賣場":"家樂福","品名":"五月花清膚柔潤抽取衛生紙-100PC","品牌":"五月花","種類":"抽取","價格":"$867","圖片":"https://online.carrefour.com.tw/dw/image/v2/BFHC_PRD/on/demandware.static/-/Sites-carrefour-tw-m-inner/default/dwc5d8e5e5/images/large/0239094.jpeg?sw=300&bgcolor=FFFFFF","網址":"https://online.carrefour.com.tw/zh/%E4%BA%94%E6%9C%88%E8%8A%B1/1220104900172.html"}
,
{"field1":"4","賣場":"家樂福","品名":"五月花清膚柔潤抽取衛生紙-100PC","品牌":"五月花","種類":"抽取","價格":"$289","圖片":"https://online.carrefour.com.tw/dw/image/v2/BFHC_PRD/on/demandware.static/-/Sites-carrefour-tw-m-inner/default/dwcaa53813/images/large/0239093.jpeg?sw=300&bgcolor=FFFFFF","網址":"https://online.carrefour.com.tw/zh/%E4%BA%94%E6%9C%88%E8%8A%B1/1220104900124.html"}
,
{"field1":"5","賣場":"家樂福","品名":"情人平版衛生紙-300PC","品牌":"情人","種類":"平版","價格":"$99","圖片":"https://online.carrefour.com.tw/dw/image/v2/BFHC_PRD/on/demandware.static/-/Sites-carrefour-tw-m-inner/default/dw41e5582c/images/large/0213879.jpeg?sw=300&bgcolor=FFFFFF","網址":"https://online.carrefour.com.tw/zh/%E6%83%85%E4%BA%BA/1220001700106.html"}
,
{"field1":"6","賣場":"家樂福","品名":"【抽取】百吉抽取衛生紙","品牌":"百吉","種類":"抽取","價格":"$169","圖片":"https://online.carrefour.com.tw/dw/image/v2/BFHC_PRD/on/demandware.static/-/Sites-carrefour-tw-m-inner/default/dw028cbdce/images/large/0007270.jpeg?sw=300&bgcolor=FFFFFF","網址":"https://online.carrefour.com.tw/zh/%E7%99%BE%E5%90%89/1220101600112.html"}
,
{"field1":"7","賣場":"家樂福","品名":"情人平版衛生紙-300PC","品牌":"情人","種類":"平版","價格":"$594","圖片":"https://online.carrefour.com.tw/dw/image/v2/BFHC_PRD/on/demandware.static/-/Sites-carrefour-tw-m-inner/default/dwf3e9fa05/images/large/0213880.jpeg?sw=300&bgcolor=FFFFFF","網址":"https://online.carrefour.com.tw/zh/%E6%83%85%E4%BA%BA/1220001700136.html"}
,
{"field1":"8","賣場":"家樂福","品名":"百吉抽取衛生紙-130PC","品牌":"百吉","種類":"抽取","價格":"$1,014","圖片":"https://online.carrefour.com.tw/dw/image/v2/BFHC_PRD/on/demandware.static/-/Sites-carrefour-tw-m-inner/default/dw268871fc/images/large/0060216.jpeg?sw=300&bgcolor=FFFFFF","網址":"https://online.carrefour.com.tw/zh/%E7%99%BE%E5%90%89/1220101600172.html"}
,
{"field1":"9","賣場":"家樂福","品名":"【捲筒式】春風捲筒衛生紙-12 Roll捲","品牌":"春風","種類":"捲筒","價格":"$792","圖片":"https://online.carrefour.com.tw/dw/image/v2/BFHC_PRD/on/demandware.static/-/Sites-carrefour-tw-m-inner/default/dw06cb25f5/images/large/0118700.jpeg?sw=300&bgcolor=FFFFFF","網址":"https://online.carrefour.com.tw/zh/%E6%98%A5%E9%A2%A8/1220200500108.html"}
,
{"field1":"10","賣場":"家樂福","品名":"舒潔濕式衛生紙-40PC","品牌":"舒潔","種類":"濕式","價格":"$132","圖片":"https://online.carrefour.com.tw/dw/image/v2/BFHC_PRD/on/demandware.static/-/Sites-carrefour-tw-m-inner/default/dwf7c75333/images/large/0113690.jpeg?sw=300&bgcolor=FFFFFF","網址":"https://online.carrefour.com.tw/zh/%E8%88%92%E6%BD%94/1220102200103.html"}
,
{"field1":"11","賣場":"家樂福","品名":"舒潔濕式衛生紙-40PCx36","品牌":"舒潔","種類":"濕式","價格":"$1,510","圖片":"https://online.carrefour.com.tw/dw/image/v2/BFHC_PRD/on/demandware.static/-/Sites-carrefour-tw-m-inner/default/dwe170a0f2/images/large/0113689.jpeg?sw=300&bgcolor=FFFFFF","網址":"https://online.carrefour.com.tw/zh/%E8%88%92%E6%BD%94/1220102200136.html"}
,
{"field1":"12","賣場":"家樂福","品名":"春風捲筒衛生紙","品牌":"春風","種類":"捲筒","價格":"$115","圖片":"https://online.carrefour.com.tw/dw/image/v2/BFHC_PRD/on/demandware.static/-/Sites-carrefour-tw-m-inner/default/dwdc0f9d1b/images/large/0007294.jpeg?sw=300&bgcolor=FFFFFF","網址":"https://online.carrefour.com.tw/zh/%E6%98%A5%E9%A2%A8/1220200500101.html"}
,
{"field1":"13","賣場":"家樂福","品名":"春風濕拭衛生紙40PCx3","品牌":"春風","種類":"","價格":"$142","圖片":"https://online.carrefour.com.tw/dw/image/v2/BFHC_PRD/on/demandware.static/-/Sites-carrefour-tw-m-inner/default/dw3d8a4590/images/large/0263872.jpeg?sw=300&bgcolor=FFFFFF","網址":"https://online.carrefour.com.tw/zh/%E6%98%A5%E9%A2%A8/1220189500101.html"}
,
{"field1":"14","賣場":"家樂福","品名":"春風平版衛生紙-300PC","品牌":"春風","種類":"平版","價格":"$114","圖片":"https://online.carrefour.com.tw/dw/image/v2/BFHC_PRD/on/demandware.static/-/Sites-carrefour-tw-m-inner/default/dweb1a2c17/images/large/0099563.jpeg?sw=300&bgcolor=FFFFFF","網址":"https://online.carrefour.com.tw/zh/%E6%98%A5%E9%A2%A8/1220000800106.html"}
,
{"field1":"15","賣場":"家樂福","品名":"雪柔抽取衛生紙-100PC","品牌":"雪柔","種類":"抽取","價格":"$159","圖片":"https://online.carrefour.com.tw/dw/image/v2/BFHC_PRD/on/demandware.static/-/Sites-carrefour-tw-m-inner/default/dw2f3a52c6/images/large/0095482.jpeg?sw=300&bgcolor=FFFFFF","網址":"https://online.carrefour.com.tw/zh/%E9%9B%AA%E6%9F%94/1220100300112.html"}
,
{"field1":"16","賣場":"家樂福","品名":"【抽取】可麗舒抽取衛生紙","品牌":"可麗舒","種類":"抽取","價格":"$714","圖片":"https://online.carrefour.com.tw/dw/image/v2/BFHC_PRD/on/demandware.static/-/Sites-carrefour-tw-m-inner/default/dw42c03bf0/images/large/0060215.jpeg?sw=300&bgcolor=FFFFFF","網址":"https://online.carrefour.com.tw/zh/%E5%8F%AF%E9%BA%97%E8%88%92/1220100500172.html"}
,
{"field1":"17","賣場":"家樂福","品名":"【抽取】可麗舒抽取衛生紙","品牌":"可麗舒","種類":"抽取","價格":"$119","圖片":"https://online.carrefour.com.tw/dw/image/v2/BFHC_PRD/on/demandware.static/-/Sites-carrefour-tw-m-inner/default/dw7f97fdf6/images/large/0016982.jpeg?sw=300&bgcolor=FFFFFF","網址":"https://online.carrefour.com.tw/zh/%E5%8F%AF%E9%BA%97%E8%88%92/1220100500112.html"}
,
{"field1":"18","賣場":"家樂福","品名":"舒潔平版式衛生紙-300PC","品牌":"舒潔","種類":"平版","價格":"$129","圖片":"https://online.carrefour.com.tw/dw/image/v2/BFHC_PRD/on/demandware.static/-/Sites-carrefour-tw-m-inner/default/dwcb0d5325/images/large/0115599.jpeg?sw=300&bgcolor=FFFFFF","網址":"https://online.carrefour.com.tw/zh/%E8%88%92%E6%BD%94/1220000600106.html"}
,
{"field1":"19","賣場":"家樂福","品名":"優活抽取式衛生紙 100抽","品牌":"優活","種類":"抽取","價格":"$189","圖片":"https://online.carrefour.com.tw/dw/image/v2/BFHC_PRD/on/demandware.static/-/Sites-carrefour-tw-m-inner/default/dw1661619a/images/large/0225484.jpeg?sw=300&bgcolor=FFFFFF","網址":"https://online.carrefour.com.tw/zh/%E5%84%AA%E6%B4%BB/1220110400124.html"}
,
{"field1":"20","賣場":"家樂福","品名":"柔情抽取式衛生紙-100PC","品牌":"柔情","種類":"抽取","價格":"$115","圖片":"https://online.carrefour.com.tw/dw/image/v2/BFHC_PRD/on/demandware.static/-/Sites-carrefour-tw-m-inner/default/dwcfb0fdfb/images/large/0239237.jpeg?sw=300&bgcolor=FFFFFF","網址":"https://online.carrefour.com.tw/zh/%E6%9F%94%E6%83%85/1220104600112.html"}
,
{"field1":"21","賣場":"家樂福","品名":"舒適抽取式衛生紙-110PC","品牌":"舒適","種類":"抽取","價格":"$717","圖片":"https://online.carrefour.com.tw/dw/image/v2/BFHC_PRD/on/demandware.static/-/Sites-carrefour-tw-m-inner/default/dw1e9006f9/images/large/0036814.jpeg?sw=300&bgcolor=FFFFFF","網址":"https://online.carrefour.com.tw/zh/%E8%88%92%E9%81%A9/1220100600172.html"}
,
{"field1":"22","賣場":"家樂福","品名":"舒潔平版式衛生紙300PCx6包x8袋","品牌":"舒潔","種類":"平版","價格":"$992","圖片":"https://online.carrefour.com.tw/dw/image/v2/BFHC_PRD/on/demandware.static/-/Sites-carrefour-tw-m-inner/default/dw03dd75c2/images/large/0115600.jpeg?sw=300&bgcolor=FFFFFF","網址":"https://online.carrefour.com.tw/zh/%E8%88%92%E6%BD%94/1220000600148.html"}
,
{"field1":"23","賣場":"家樂福","品名":"舒適抽取式衛生紙(110抽)","品牌":"舒適","種類":"抽取","價格":"$239","圖片":"https://online.carrefour.com.tw/dw/image/v2/BFHC_PRD/on/demandware.static/-/Sites-carrefour-tw-m-inner/default/dw2bd116d7/images/large/0004085.jpeg?sw=300&bgcolor=FFFFFF","網址":"https://online.carrefour.com.tw/zh/%E8%88%92%E9%81%A9/1220100600124.html"}
,
{"field1":"24","賣場":"家樂福","品名":"家樂福抽取式衛生紙-PEFC","品牌":"家樂福","種類":"抽取","價格":"$59","圖片":"https://online.carrefour.com.tw/dw/image/v2/BFHC_PRD/on/demandware.static/-/Sites-carrefour-tw-m-inner/default/dw6ba5faf6/images/large/0273201_-efc.png?sw=300&bgcolor=FFFFFF","網址":"https://online.carrefour.com.tw/zh/%E5%AE%B6%E6%A8%82%E7%A6%8F/1220112900101.html"}
,
{"field1":"25","賣場":"家樂福","品名":"金舒適抽取式衛生紙","品牌":"舒適","種類":"抽取","價格":"$179","圖片":"https://online.carrefour.com.tw/dw/image/v2/BFHC_PRD/on/demandware.static/-/Sites-carrefour-tw-m-inner/default/dwa2f2359a/images/large/0210560.jpeg?sw=300&bgcolor=FFFFFF","網址":"https://online.carrefour.com.tw/zh/%E9%87%91%E8%88%92%E9%81%A9/1220109200120.html"}
,
{"field1":"26","賣場":"家樂福","品名":"倍潔雅抽取式衛生紙100PCx24","品牌":"倍潔雅","種類":"抽取","價格":"$199","圖片":"https://online.carrefour.com.tw/dw/image/v2/BFHC_PRD/on/demandware.static/-/Sites-carrefour-tw-m-inner/default/dw83c18ff3/images/large/1220110300124-1.png?sw=300&bgcolor=FFFFFF","網址":"https://online.carrefour.com.tw/zh/%E5%80%8D%E6%BD%94%E9%9B%85/1220110300124.html"}
,
{"field1":"27","賣場":"家樂福","品名":"春風濕拭衛生紙10PCx3包","品牌":"春風","種類":"","價格":"$648","圖片":"https://online.carrefour.com.tw/dw/image/v2/BFHC_PRD/on/demandware.static/-/Sites-carrefour-tw-m-inner/default/dw5243389b/images/large/0263864_10.jpeg?sw=300&bgcolor=FFFFFF","網址":"https://online.carrefour.com.tw/zh/%E6%98%A5%E9%A2%A8/1220189400112.html"}
,
{"field1":"28","賣場":"家樂福","品名":"淨世代環保抽取衛生紙100PC","品牌":"","種類":"抽取","價格":"$126","圖片":"https://online.carrefour.com.tw/dw/image/v2/BFHC_PRD/on/demandware.static/-/Sites-carrefour-tw-m-inner/default/dwe9ef1b2c/images/large/0238398.jpeg?sw=300&bgcolor=FFFFFF","網址":"https://online.carrefour.com.tw/zh/%E6%B7%A8%E4%B8%96%E4%BB%A3/1220106100112.html"}
,
{"field1":"29","賣場":"家樂福","品名":"淨世代環保抽取衛生紙100PC","品牌":"","種類":"抽取","價格":"$756","圖片":"https://online.carrefour.com.tw/dw/image/v2/BFHC_PRD/on/demandware.static/-/Sites-carrefour-tw-m-inner/default/dw3159c4fd/images/large/0238397.jpeg?sw=300&bgcolor=FFFFFF","網址":"https://online.carrefour.com.tw/zh/%E6%B7%A8%E4%B8%96%E4%BB%A3/1220106100172.html"}
,
{"field1":"30","賣場":"家樂福","品名":"舒潔迪士尼抽取衛生紙100PC","品牌":"舒潔","種類":"抽取","價格":"$168","圖片":"https://online.carrefour.com.tw/dw/image/v2/BFHC_PRD/on/demandware.static/-/Sites-carrefour-tw-m-inner/default/dw0c058259/images/large/1220107900112.jpg?sw=300&bgcolor=FFFFFF","網址":"https://online.carrefour.com.tw/zh/%E8%88%92%E6%BD%94/1220107900112.html"}
,
{"field1":"31","賣場":"家樂福","品名":"舒適三層抽取式衛生紙","品牌":"舒適","種類":"抽取","價格":"$339","圖片":"https://online.carrefour.com.tw/dw/image/v2/BFHC_PRD/on/demandware.static/-/Sites-carrefour-tw-m-inner/default/dw64646990/images/large/0202599.jpeg?sw=300&bgcolor=FFFFFF","網址":"https://online.carrefour.com.tw/zh/%E8%88%92%E9%81%A9/1220108700120.html"}
,
{"field1":"32","賣場":"家樂福","品名":"春風Hello Kitty三層抽取式衛生紙90PCx20包x3袋","品牌":"春風","種類":"抽取","價格":"$1,062","圖片":"https://online.carrefour.com.tw/dw/image/v2/BFHC_PRD/on/demandware.static/-/Sites-carrefour-tw-m-inner/default/dwa78a7d26/images/large/0259666_hello-kitty.jpeg?sw=300&bgcolor=FFFFFF","網址":"https://online.carrefour.com.tw/zh/%E6%98%A5%E9%A2%A8/1220103400160.html"}
,
{"field1":"33","賣場":"家樂福","品名":"舒潔萬用輕巧包衛生紙","品牌":"舒潔","種類":"","價格":"$198","圖片":"https://online.carrefour.com.tw/dw/image/v2/BFHC_PRD/on/demandware.static/-/Sites-carrefour-tw-m-inner/default/dw4e467aab/images/large/0004113.jpeg?sw=300&bgcolor=FFFFFF","網址":"https://online.carrefour.com.tw/zh/%E8%88%92%E6%BD%94/1220103000120.html"}
,
{"field1":"34","賣場":"家樂福","品名":"春風Hello Kitty三層抽取式衛生紙90PC","品牌":"春風","種類":"抽取","價格":"$299","圖片":"https://online.carrefour.com.tw/dw/image/v2/BFHC_PRD/on/demandware.static/-/Sites-carrefour-tw-m-inner/default/dwa81d7423/images/large/0259665_hello-kitty.jpeg?sw=300&bgcolor=FFFFFF","網址":"https://online.carrefour.com.tw/zh/%E6%98%A5%E9%A2%A8/1220103400120.html"}
,
{"field1":"35","賣場":"家樂福","品名":"春風抽取式衛生紙優質經濟包-100PC","品牌":"春風","種類":"抽取","價格":"$85","圖片":"https://online.carrefour.com.tw/dw/image/v2/BFHC_PRD/on/demandware.static/-/Sites-carrefour-tw-m-inner/default/dwba11274c/images/large/0080629.jpeg?sw=300&bgcolor=FFFFFF","網址":"https://online.carrefour.com.tw/zh/%E6%98%A5%E9%A2%A8/1220105100110.html"}
,
{"field1":"36","賣場":"家樂福","品名":"得意優質抽取式衛生紙100PCx24","品牌":"得意","種類":"抽取","價格":"$216","圖片":"https://online.carrefour.com.tw/dw/image/v2/BFHC_PRD/on/demandware.static/-/Sites-carrefour-tw-m-inner/default/dw63503b1d/images/large/1220103100124.jpg?sw=300&bgcolor=FFFFFF","網址":"https://online.carrefour.com.tw/zh/%E5%BE%97%E6%84%8F/1220103100124.html"}
,
{"field1":"37","賣場":"家樂福","品名":"柔情抽取式衛生紙-100PC","品牌":"柔情","種類":"抽取","價格":"$225","圖片":"https://online.carrefour.com.tw/dw/image/v2/BFHC_PRD/on/demandware.static/-/Sites-carrefour-tw-m-inner/default/dw753623c7/images/large/0239577_24.jpeg?sw=300&bgcolor=FFFFFF","網址":"https://online.carrefour.com.tw/zh/%E6%9F%94%E6%83%85/1220104800124.html"}
,
{"field1":"38","賣場":"家樂福","品名":"可麗舒除臭抽取衛生紙-100PC","品牌":"可麗舒","種類":"抽取","價格":"$119","圖片":"https://online.carrefour.com.tw/dw/image/v2/BFHC_PRD/on/demandware.static/-/Sites-carrefour-tw-m-inner/default/dwb44a45bf/images/large/0004119.jpeg?sw=300&bgcolor=FFFFFF","網址":"https://online.carrefour.com.tw/zh/%E5%8F%AF%E9%BA%97%E8%88%92/1220104200112.html"}
,
{"field1":"39","賣場":"家樂福","品名":"可麗舒除臭抽取衛生紙-100PC","品牌":"可麗舒","種類":"抽取","價格":"$672","圖片":"https://online.carrefour.com.tw/dw/image/v2/BFHC_PRD/on/demandware.static/-/Sites-carrefour-tw-m-inner/default/dw6f3b60f4/images/large/0060217.jpeg?sw=300&bgcolor=FFFFFF","網址":"https://online.carrefour.com.tw/zh/%E5%8F%AF%E9%BA%97%E8%88%92/1220104200172.html"}
,
{"field1":"40","賣場":"家樂福","品名":"蒲公英環保抽取衛生紙-100PC","品牌":"蒲公英","種類":"抽取","價格":"$123","圖片":"https://online.carrefour.com.tw/dw/image/v2/BFHC_PRD/on/demandware.static/-/Sites-carrefour-tw-m-inner/default/dw9ffb2df9/images/large/0187826.jpeg?sw=300&bgcolor=FFFFFF","網址":"https://online.carrefour.com.tw/zh/%E8%92%B2%E5%85%AC%E8%8B%B1/1220106500112.html"}
,
{"field1":"41","賣場":"家樂福","品名":"蒲公英環保抽取衛生紙","品牌":"蒲公英","種類":"抽取","價格":"$738","圖片":"https://online.carrefour.com.tw/dw/image/v2/BFHC_PRD/on/demandware.static/-/Sites-carrefour-tw-m-inner/default/dw648a836c/images/large/0060220.jpeg?sw=300&bgcolor=FFFFFF","網址":"https://online.carrefour.com.tw/zh/%E8%92%B2%E5%85%AC%E8%8B%B1/1220106500172.html"}
,
{"field1":"42","賣場":"家樂福","品名":"舒潔女性專用濕式衛生紙","品牌":"舒潔","種類":"濕式","價格":"$98","圖片":"https://online.carrefour.com.tw/dw/image/v2/BFHC_PRD/on/demandware.static/-/Sites-carrefour-tw-m-inner/default/dwb45a4f88/images/large/0178850.jpeg?sw=300&bgcolor=FFFFFF","網址":"https://online.carrefour.com.tw/zh/%E8%88%92%E6%BD%94/1220108600103.html"}
,
{"field1":"43","賣場":"家樂福","品名":"家樂福濕式衛生紙外出包-20PC","品牌":"家樂福","種類":"濕式","價格":"$75","圖片":"https://online.carrefour.com.tw/dw/image/v2/BFHC_PRD/on/demandware.static/-/Sites-carrefour-tw-m-inner/default/dwbc997658/images/large/0229146.jpeg?sw=300&bgcolor=FFFFFF","網址":"https://online.carrefour.com.tw/zh/%E5%AE%B6%E6%A8%82%E7%A6%8F/1220111100103.html"}
,
{"field1":"44","賣場":"家樂福","品名":"倍潔雅特級抽取式衛生紙-110抽","品牌":"倍潔雅","種類":"抽取","價格":"$125","圖片":"https://online.carrefour.com.tw/dw/image/v2/BFHC_PRD/on/demandware.static/-/Sites-carrefour-tw-m-inner/default/dw9339b35b/images/large/0271593.jpeg?sw=300&bgcolor=FFFFFF","網址":"https://online.carrefour.com.tw/zh/%E5%80%8D%E6%BD%94%E9%9B%85/1220110000112.html"}
,
{"field1":"45","賣場":"家樂福","品名":"舒適抽取式衛生紙(輕巧包)120PCx20包","品牌":"舒適","種類":"抽取","價格":"$205","圖片":"https://online.carrefour.com.tw/dw/image/v2/BFHC_PRD/on/demandware.static/-/Sites-carrefour-tw-m-inner/default/dwe231cd7f/images/large/0236515.jpeg?sw=300&bgcolor=FFFFFF","網址":"https://online.carrefour.com.tw/zh/%E8%88%92%E9%81%A9/1220111300120.html"}
,
{"field1":"46","賣場":"家樂福","品名":"五月花新纖柔抽取衛生紙","品牌":"五月花","種類":"抽取","價格":"$139","圖片":"https://online.carrefour.com.tw/dw/image/v2/BFHC_PRD/on/demandware.static/-/Sites-carrefour-tw-m-inner/default/dw2fa15214/images/large/1220113300112.jpg?sw=300&bgcolor=FFFFFF","網址":"https://online.carrefour.com.tw/zh/%E4%BA%94%E6%9C%88%E8%8A%B1/1220113300112.html"}
,
{"field1":"47","賣場":"家樂福","品名":"春風抽取衛生紙-110PC","品牌":"春風","種類":"抽取","價格":"$120","圖片":"https://online.carrefour.com.tw/dw/image/v2/BFHC_PRD/on/demandware.static/-/Sites-carrefour-tw-m-inner/default/dwc753bc12/images/large/0218402.jpeg?sw=300&bgcolor=FFFFFF","網址":"https://online.carrefour.com.tw/zh/%E6%98%A5%E9%A2%A8/1220104300110.html"}
,
{"field1":"48","賣場":"家樂福","品名":"春風抽取衛生紙-110PC","品牌":"春風","種類":"抽取","價格":"$840","圖片":"https://online.carrefour.com.tw/dw/image/v2/BFHC_PRD/on/demandware.static/-/Sites-carrefour-tw-m-inner/default/dw6da88611/images/large/0218403.jpeg?sw=300&bgcolor=FFFFFF","網址":"https://online.carrefour.com.tw/zh/%E6%98%A5%E9%A2%A8/1220104300170.html"}
,
{"field1":"49","賣場":"家樂福","品名":"春風柔膚感抽取式衛生紙-110PC","品牌":"春風","種類":"抽取","價格":"$298","圖片":"https://online.carrefour.com.tw/dw/image/v2/BFHC_PRD/on/demandware.static/-/Sites-carrefour-tw-m-inner/default/dw98cf0f2e/images/large/0007291.jpeg?sw=300&bgcolor=FFFFFF","網址":"https://online.carrefour.com.tw/zh/%E6%98%A5%E9%A2%A8/1220106900124.html"}
,
{"field1":"50","賣場":"家樂福","品名":"春風柔膚感抽取式衛生紙-110PC","品牌":"春風","種類":"抽取","價格":"$894","圖片":"https://online.carrefour.com.tw/dw/image/v2/BFHC_PRD/on/demandware.static/-/Sites-carrefour-tw-m-inner/default/dw2926f8b9/images/large/0060221.jpeg?sw=300&bgcolor=FFFFFF","網址":"https://online.carrefour.com.tw/zh/%E6%98%A5%E9%A2%A8/1220106900172.html"}
,
{"field1":"51","賣場":"家樂福","品名":"家樂福抽取式衛生紙-FSC-110PCx24包","品牌":"家樂福","種類":"抽取","價格":"$807","圖片":"https://online.carrefour.com.tw/dw/image/v2/BFHC_PRD/on/demandware.static/-/Sites-carrefour-tw-m-inner/default/dwd61ab754/images/large/0234244_-fsc-110x24.jpeg?sw=300&bgcolor=FFFFFF","網址":"https://online.carrefour.com.tw/zh/%E5%AE%B6%E6%A8%82%E7%A6%8F/1220110500103.html"}
,
{"field1":"52","賣場":"家樂福","品名":"倍潔雅柔軟舒適抽取衛生紙(150抽/包)","品牌":"舒適","種類":"抽取","價格":"$187","圖片":"https://online.carrefour.com.tw/dw/image/v2/BFHC_PRD/on/demandware.static/-/Sites-carrefour-tw-m-inner/default/dw4af752b6/images/large/0216169.jpeg?sw=300&bgcolor=FFFFFF","網址":"https://online.carrefour.com.tw/zh/%E5%80%8D%E6%BD%94%E9%9B%85/1220109800114.html"}
,
{"field1":"53","賣場":"家樂福","品名":"五月花三層捲筒衛生紙-6捲","品牌":"五月花","種類":"捲筒","價格":"$1,888","圖片":"https://online.carrefour.com.tw/dw/image/v2/BFHC_PRD/on/demandware.static/-/Sites-carrefour-tw-m-inner/default/dwf92b4e93/images/large/0239100_-200.jpeg?sw=300&bgcolor=FFFFFF","網址":"https://online.carrefour.com.tw/zh/%E4%BA%94%E6%9C%88%E8%8A%B1/1220200600116.html"}
,
{"field1":"54","賣場":"家樂福","品名":"家樂福抽取式花紋衛生紙(FSC)130PCx12","品牌":"家樂福","種類":"抽取","價格":"$139","圖片":"https://online.carrefour.com.tw/dw/image/v2/BFHC_PRD/on/demandware.static/-/Sites-carrefour-tw-m-inner/default/dw193436fd/images/large/0234239_-fsc130x12.jpeg?sw=300&bgcolor=FFFFFF","網址":"https://online.carrefour.com.tw/zh/%E5%AE%B6%E6%A8%82%E7%A6%8F/1220110800101.html"}
,
{"field1":"55","賣場":"家樂福","品名":"家樂福抽取式花紋衛生紙(FSC)130PCx12包x6袋","品牌":"家樂福","種類":"抽取","價格":"$834","圖片":"https://online.carrefour.com.tw/dw/image/v2/BFHC_PRD/on/demandware.static/-/Sites-carrefour-tw-m-inner/default/dwaf87aea4/images/large/0234240_-fsc130x12.jpeg?sw=300&bgcolor=FFFFFF","網址":"https://online.carrefour.com.tw/zh/%E5%AE%B6%E6%A8%82%E7%A6%8F/1220110800106.html"}
,
{"field1":"56","賣場":"家樂福","品名":"家樂福抽取式衛生紙-過年版100PCx24包x4袋","品牌":"家樂福","種類":"抽取","價格":"$756","圖片":"https://online.carrefour.com.tw/dw/image/v2/BFHC_PRD/on/demandware.static/-/Sites-carrefour-tw-m-inner/default/dw8debd281/images/large/1220111500101.png?sw=300&bgcolor=FFFFFF","網址":"https://online.carrefour.com.tw/zh/%E5%AE%B6%E6%A8%82%E7%A6%8F/1220111500104.html"}
,
{"field1":"57","賣場":"家樂福","品名":"五月花三層捲筒衛生紙-6l捲","品牌":"五月花","種類":"捲筒","價格":"$118","圖片":"https://online.carrefour.com.tw/dw/image/v2/BFHC_PRD/on/demandware.static/-/Sites-carrefour-tw-m-inner/default/dw6fe026e5/images/large/0239099_-200.jpeg?sw=300&bgcolor=FFFFFF","網址":"https://online.carrefour.com.tw/zh/%E4%BA%94%E6%9C%88%E8%8A%B1/1220200600101.html"}
,
{"field1":"58","賣場":"家樂福","品名":"唯潔雅潔淨柔感抽取式衛生紙-150PC","品牌":"唯潔雅","種類":"抽取","價格":"$160","圖片":"https://online.carrefour.com.tw/dw/image/v2/BFHC_PRD/on/demandware.static/-/Sites-carrefour-tw-m-inner/default/dw7ec9dddd/images/large/0224090.jpeg?sw=300&bgcolor=FFFFFF","網址":"https://online.carrefour.com.tw/zh/%E5%94%AF%E6%BD%94%E9%9B%85/1220110100112.html"}
,
{"field1":"59","賣場":"家樂福","品名":"家樂福抽取式花紋衛生紙-FSC-110PCx6包","品牌":"家樂福","種類":"抽取","價格":"$690","圖片":"https://online.carrefour.com.tw/dw/image/v2/BFHC_PRD/on/demandware.static/-/Sites-carrefour-tw-m-inner/default/dw72594744/images/large/0234234_-fsc-110x6.jpeg?sw=300&bgcolor=FFFFFF","網址":"https://online.carrefour.com.tw/zh/%E5%AE%B6%E6%A8%82%E7%A6%8F/1220110700110.html"}
,
{"field1":"60","賣場":"家樂福","品名":"春風柔韌感山茶花抽取衛生紙-110PC","品牌":"春風","種類":"抽取","價格":"$161","圖片":"https://online.carrefour.com.tw/dw/image/v2/BFHC_PRD/on/demandware.static/-/Sites-carrefour-tw-m-inner/default/dw0b726fc1/images/large/0174848.jpeg?sw=300&bgcolor=FFFFFF","網址":"https://online.carrefour.com.tw/zh/%E6%98%A5%E9%A2%A8/1220108300112.html"}
,
{"field1":"61","賣場":"家樂福","品名":"家樂福超值捲筒式花紋衛生紙","品牌":"家樂福","種類":"捲筒","價格":"$95","圖片":"https://online.carrefour.com.tw/dw/image/v2/BFHC_PRD/on/demandware.static/-/Sites-carrefour-tw-m-inner/default/dwd9dc94a0/images/large/0207210.jpeg?sw=300&bgcolor=FFFFFF","網址":"https://online.carrefour.com.tw/zh/%E5%AE%B6%E6%A8%82%E7%A6%8F/1220200700101.html"}
,
{"field1":"62","賣場":"家樂福","品名":"家樂福超值捲筒式花紋衛生紙","品牌":"家樂福","種類":"捲筒","價格":"$760","圖片":"https://online.carrefour.com.tw/dw/image/v2/BFHC_PRD/on/demandware.static/-/Sites-carrefour-tw-m-inner/default/dw0fa416a2/images/large/0207211.jpeg?sw=300&bgcolor=FFFFFF","網址":"https://online.carrefour.com.tw/zh/%E5%AE%B6%E6%A8%82%E7%A6%8F/1220200700108.html"}
,
{"field1":"63","賣場":"家樂福","品名":"得意連續抽取衛生紙-大甲媽版","品牌":"得意","種類":"抽取","價格":"$235","圖片":"https://online.carrefour.com.tw/dw/image/v2/BFHC_PRD/on/demandware.static/-/Sites-carrefour-tw-m-inner/default/dwd944ece7/images/large/0199577_-.jpeg?sw=300&bgcolor=FFFFFF","網址":"https://online.carrefour.com.tw/zh/%E5%BE%97%E6%84%8F/1220107100124.html"}
,
{"field1":"64","賣場":"家樂福","品名":"春風山茶花精華抽取式衛生紙-100PC","品牌":"春風","種類":"抽取","價格":"$807","圖片":"https://online.carrefour.com.tw/dw/image/v2/BFHC_PRD/on/demandware.static/-/Sites-carrefour-tw-m-inner/default/dwb7b72abf/images/large/0201609.jpeg?sw=300&bgcolor=FFFFFF","網址":"https://online.carrefour.com.tw/zh/%E6%98%A5%E9%A2%A8/1220102000172.html"}
,
{"field1":"65","賣場":"家樂福","品名":"春風山茶花精華抽取式衛生紙-100PC","品牌":"春風","種類":"抽取","價格":"$269","圖片":"https://online.carrefour.com.tw/dw/image/v2/BFHC_PRD/on/demandware.static/-/Sites-carrefour-tw-m-inner/default/dw634f093d/images/large/0201610.jpeg?sw=300&bgcolor=FFFFFF","網址":"https://online.carrefour.com.tw/zh/%E6%98%A5%E9%A2%A8/1220102000124.html"}
,
{"field1":"66","賣場":"家樂福","品名":"舒潔迪士尼抽取衛生紙超值包","品牌":"舒潔","種類":"抽取","價格":"$299","圖片":"https://online.carrefour.com.tw/dw/image/v2/BFHC_PRD/on/demandware.static/-/Sites-carrefour-tw-m-inner/default/dw73107a61/images/large/0185918.jpeg?sw=300&bgcolor=FFFFFF","網址":"https://online.carrefour.com.tw/zh/%E8%88%92%E6%BD%94/1220105900124.html"}
,
{"field1":"67","賣場":"家樂福","品名":"得意連續抽取衛生紙-大甲媽版","品牌":"得意","種類":"抽取","價格":"$705","圖片":"https://online.carrefour.com.tw/dw/image/v2/BFHC_PRD/on/demandware.static/-/Sites-carrefour-tw-m-inner/default/dw0ac11034/images/large/0206155_-.jpeg?sw=300&bgcolor=FFFFFF","網址":"https://online.carrefour.com.tw/zh/%E5%BE%97%E6%84%8F/1220107100172.html"}
,
{"field1":"68","賣場":"家樂福","品名":"家樂福超值平版式花紋衛生紙-300PC","品牌":"家樂福","種類":"平版","價格":"$89","圖片":"https://online.carrefour.com.tw/dw/image/v2/BFHC_PRD/on/demandware.static/-/Sites-carrefour-tw-m-inner/default/dw46b0fe06/images/large/0207262.jpeg?sw=300&bgcolor=FFFFFF","網址":"https://online.carrefour.com.tw/zh/%E5%AE%B6%E6%A8%82%E7%A6%8F/1220000100106.html"}
,
{"field1":"69","賣場":"家樂福","品名":"家樂福超值平版式花紋衛生紙-300PC","品牌":"家樂福","種類":"平版","價格":"$534","圖片":"https://online.carrefour.com.tw/dw/image/v2/BFHC_PRD/on/demandware.static/-/Sites-carrefour-tw-m-inner/default/dwd5364b1d/images/large/0210461.jpeg?sw=300&bgcolor=FFFFFF","網址":"https://online.carrefour.com.tw/zh/%E5%AE%B6%E6%A8%82%E7%A6%8F/1220000100136.html"}
,
{"field1":"70","賣場":"家樂福","品名":"【家樂福省更多】家樂福優質三層抽取式衛生紙 100抽x24包/袋","品牌":"家樂福","種類":"抽取","價格":"$329","圖片":"https://online.carrefour.com.tw/dw/image/v2/BFHC_PRD/on/demandware.static/-/Sites-carrefour-tw-m-inner/default/dw81b3ca2e/images/large/0180502.jpeg?sw=300&bgcolor=FFFFFF","網址":"https://online.carrefour.com.tw/zh/%E5%AE%B6%E6%A8%82%E7%A6%8F/1220108000101.html"}
,
{"field1":"71","賣場":"家樂福","品名":"五月花蓬厚柔三層抽取衛生紙110PC","品牌":"五月花","種類":"抽取","價格":"$439","圖片":"https://online.carrefour.com.tw/dw/image/v2/BFHC_PRD/on/demandware.static/-/Sites-carrefour-tw-m-inner/default/dwca8f51b5/images/large/0238361.jpeg?sw=300&bgcolor=FFFFFF","網址":"https://online.carrefour.com.tw/zh/%E4%BA%94%E6%9C%88%E8%8A%B1/1220103700124.html"}
,
{"field1":"72","賣場":"家樂福","品名":"舒潔 喀什米爾 4層抽取衛生紙乳木果精華-90PC(即日起-3/31 箱購活動請下6件只要1199元/不得併用折價券/折扣碼)","品牌":"舒潔","種類":"抽取","價格":"$310","圖片":"https://online.carrefour.com.tw/dw/image/v2/BFHC_PRD/on/demandware.static/-/Sites-carrefour-tw-m-inner/default/dw237b265e/images/large/0257621_490.png?sw=300&bgcolor=FFFFFF","網址":"https://online.carrefour.com.tw/zh/%E8%88%92%E6%BD%94/1220112300110.html"}
,
{"field1":"73","賣場":"家樂福","品名":"舒潔絲柔乳液抽取衛生紙超值包-100PCx30包","品牌":"舒潔","種類":"抽取","價格":"$399","圖片":"https://online.carrefour.com.tw/dw/image/v2/BFHC_PRD/on/demandware.static/-/Sites-carrefour-tw-m-inner/default/dw0c71184c/images/large/0178420.jpeg?sw=300&bgcolor=FFFFFF","網址":"https://online.carrefour.com.tw/zh/%E8%88%92%E6%BD%94/1220106800101.html"}
,
{"field1":"74","賣場":"家樂福","品名":"舒潔兒童學習專用濕式衛生紙40抽","品牌":"舒潔","種類":"濕式","價格":"$98","圖片":"https://online.carrefour.com.tw/dw/image/v2/BFHC_PRD/on/demandware.static/-/Sites-carrefour-tw-m-inner/default/dw00f469dd/images/large/0241397_40.jpeg?sw=300&bgcolor=FFFFFF","網址":"https://online.carrefour.com.tw/zh/%E8%88%92%E6%BD%94/1220112200101.html"}
,
{"field1":"75","賣場":"家樂福","品名":"舒潔特級膚觸抽取衛生紙 90抽6包","品牌":"舒潔","種類":"抽取","價格":"$99","圖片":"https://online.carrefour.com.tw/dw/image/v2/BFHC_PRD/on/demandware.static/-/Sites-carrefour-tw-m-inner/default/dwf44a4cc7/images/large/1220115100101.jpg?sw=300&bgcolor=FFFFFF","網址":"https://online.carrefour.com.tw/zh/%E8%88%92%E6%BD%94/1220115100101.html"}
,
{"field1":"76","賣場":"家樂福","品名":"舒潔喀什米爾4層衛生紙86抽4包","品牌":"舒潔","種類":"","價格":"$85","圖片":"https://online.carrefour.com.tw/dw/image/v2/BFHC_PRD/on/demandware.static/-/Sites-carrefour-tw-m-inner/default/dw6150bf43/images/large/1220110200101.jpg?sw=300&bgcolor=FFFFFF","網址":"https://online.carrefour.com.tw/zh/%E8%88%92%E6%BD%94/1220110200101.html"}
,
{"field1":"77","賣場":"家樂福","品名":"家樂福環保抽取式衛生紙-100PCX12","品牌":"家樂福","種類":"抽取","價格":"$115","圖片":"https://online.carrefour.com.tw/dw/image/v2/BFHC_PRD/on/demandware.static/-/Sites-carrefour-tw-m-inner/default/dw2202f6d8/images/large/0251888_-100x12.jpeg?sw=300&bgcolor=FFFFFF","網址":"https://online.carrefour.com.tw/zh/%E5%AE%B6%E6%A8%82%E7%A6%8F/1220112000101.html"}
,
{"field1":"78","賣場":"家樂福","品名":"舒潔棉柔舒適捲筒衛生紙300PCx12","品牌":"舒潔","種類":"捲筒","價格":"$239","圖片":"https://online.carrefour.com.tw/dw/image/v2/BFHC_PRD/on/demandware.static/-/Sites-carrefour-tw-m-inner/default/dweef1c5b2/images/large/1220204900101.jpg?sw=300&bgcolor=FFFFFF","網址":"https://online.carrefour.com.tw/zh/%E8%88%92%E6%BD%94/1220204900101.html"}
,
{"field1":"79","賣場":"家樂福","品名":"唯潔雅抽取式衛生紙(平安福)90PCx14","品牌":"唯潔雅","種類":"抽取","價格":"$142","圖片":"https://online.carrefour.com.tw/dw/image/v2/BFHC_PRD/on/demandware.static/-/Sites-carrefour-tw-m-inner/default/dwe5a84209/images/large/1220108800101.jpg?sw=300&bgcolor=FFFFFF","網址":"https://online.carrefour.com.tw/zh/%E5%94%AF%E6%BD%94%E9%9B%85/1220108800101.html"}
,
{"field1":"80","賣場":"家樂福","品名":"五月花舒敏厚棒抽取式衛生紙86PC","品牌":"五月花","種類":"抽取","價格":"$245","圖片":"https://online.carrefour.com.tw/dw/image/v2/BFHC_PRD/on/demandware.static/-/Sites-carrefour-tw-m-inner/default/dwa1e94795/images/large/0275018_8610.jpeg?sw=300&bgcolor=FFFFFF","網址":"https://online.carrefour.com.tw/zh/%E4%BA%94%E6%9C%88%E8%8A%B1/1220103800110.html"}
,
{"field1":"81","賣場":"家樂福","品名":"可麗舒豆卡聯名抽取衛生紙90抽6包(即日起-3/31 箱購活動請下12件只要779元/不得併用折價券/折扣碼)","品牌":"可麗舒","種類":"抽取","價格":"$69","圖片":"https://online.carrefour.com.tw/dw/image/v2/BFHC_PRD/on/demandware.static/-/Sites-carrefour-tw-m-inner/default/dw1c39c09f/images/large/1220104500101.png?sw=300&bgcolor=FFFFFF","網址":"https://online.carrefour.com.tw/zh/%E5%8F%AF%E9%BA%97%E8%88%92/1220104500101.html"}
,
{"field1":"82","賣場":"家樂福","品名":"五月花角落小夥伴衛生紙(FSC驗證)100PCx24","品牌":"五月花","種類":"","價格":"$315","圖片":"https://online.carrefour.com.tw/dw/image/v2/BFHC_PRD/on/demandware.static/-/Sites-carrefour-tw-m-inner/default/dw5a35357b/images/large/0275043_fsc100.jpeg?sw=300&bgcolor=FFFFFF","網址":"https://online.carrefour.com.tw/zh/%E4%BA%94%E6%9C%88%E8%8A%B1/1220114900124.html"}
,
{"field1":"83","賣場":"家樂福","品名":"家樂福超值連續抽取式花紋衛生紙輕巧包120抽","品牌":"家樂福","種類":"抽取","價格":"$168","圖片":"https://online.carrefour.com.tw/dw/image/v2/BFHC_PRD/on/demandware.static/-/Sites-carrefour-tw-m-inner/default/dw8b2eed17/images/large/0203814.jpeg?sw=300&bgcolor=FFFFFF","網址":"https://online.carrefour.com.tw/zh/%E5%AE%B6%E6%A8%82%E7%A6%8F/1220102400120.html"}
,
{"field1":"84","賣場":"家樂福","品名":"【汽車百貨】YAC飲料紙巾多用途垃圾桶","品牌":"","種類":"紙巾","價格":"$399","圖片":"https://online.carrefour.com.tw/dw/image/v2/BFHC_PRD/on/demandware.static/-/Sites-carrefour-tw-m-inner/default/dwf139c6a5/images/large/35542007001-1.jpg?sw=300&bgcolor=FFFFFF","網址":"https://online.carrefour.com.tw/zh/3554200700101.html"}
,
{"field1":"85","賣場":"家樂福","品名":"五月花聰明萬用紙巾-120PC","品牌":"五月花","種類":"紙巾","價格":"$88","圖片":"https://online.carrefour.com.tw/dw/image/v2/BFHC_PRD/on/demandware.static/-/Sites-carrefour-tw-m-inner/default/dw850f3838/images/large/0238358.jpeg?sw=300&bgcolor=FFFFFF","網址":"https://online.carrefour.com.tw/zh/%E4%BA%94%E6%9C%88%E8%8A%B1/1220103500110.html"}
,
{"field1":"86","賣場":"家樂福","品名":"五月花聰明萬用紙巾-120PC","品牌":"五月花","種類":"紙巾","價格":"$474","圖片":"https://online.carrefour.com.tw/dw/image/v2/BFHC_PRD/on/demandware.static/-/Sites-carrefour-tw-m-inner/default/dwa50c0bd3/images/large/0238359.jpeg?sw=300&bgcolor=FFFFFF","網址":"https://online.carrefour.com.tw/zh/%E4%BA%94%E6%9C%88%E8%8A%B1/1220103500160.html"}
,
{"field1":"87","賣場":"家樂福","品名":"家樂福超值單抽式柔紙巾","品牌":"家樂福","種類":"紙巾","價格":"$99","圖片":"https://online.carrefour.com.tw/dw/image/v2/BFHC_PRD/on/demandware.static/-/Sites-carrefour-tw-m-inner/default/dw39342d0a/images/large/0181871.jpeg?sw=300&bgcolor=FFFFFF","網址":"https://online.carrefour.com.tw/zh/%E5%AE%B6%E6%A8%82%E7%A6%8F/1220189600110.html"}
,
{"field1":"88","賣場":"家樂福","品名":"家樂福超值單抽式柔紙巾","品牌":"家樂福","種類":"紙巾","價格":"$594","圖片":"https://online.carrefour.com.tw/dw/image/v2/BFHC_PRD/on/demandware.static/-/Sites-carrefour-tw-m-inner/default/dw70267447/images/large/0090888.jpeg?sw=300&bgcolor=FFFFFF","網址":"https://online.carrefour.com.tw/zh/%E5%AE%B6%E6%A8%82%E7%A6%8F/1220189600160.html"}
,
{"field1":"89","賣場":"家樂福","品名":"春風抽取式廚房紙巾120PCx3包x8袋","品牌":"春風","種類":"抽取","價格":"$632","圖片":"https://online.carrefour.com.tw/dw/image/v2/BFHC_PRD/on/demandware.static/-/Sites-carrefour-tw-m-inner/default/dw0a08a374/images/large/1222100900101.jpg?sw=300&bgcolor=FFFFFF","網址":"https://online.carrefour.com.tw/zh/%E6%98%A5%E9%A2%A8/1222100900108.html"}
,
{"field1":"90","賣場":"家樂福","品名":"倍潔雅好韌真3層抽取式PEFC","品牌":"倍潔雅","種類":"抽取","價格":"$259","圖片":"https://online.carrefour.com.tw/dw/image/v2/BFHC_PRD/on/demandware.static/-/Sites-carrefour-tw-m-inner/default/dwb49ea2a5/images/large/1220102800101.jpg?sw=300&bgcolor=FFFFFF","網址":"https://online.carrefour.com.tw/zh/%E5%80%8D%E6%BD%94%E9%9B%85/1220102800101.html"}
,
{"field1":"91","賣場":"家樂福","品名":"倍潔雅好韌真Plus3層抽取茶樹精油抑菌","品牌":"倍潔雅","種類":"抽取","價格":"$249","圖片":"https://online.carrefour.com.tw/dw/image/v2/BFHC_PRD/on/demandware.static/-/Sites-carrefour-tw-m-inner/default/dw85894c16/images/large/1220105400101.jpg?sw=300&bgcolor=FFFFFF","網址":"https://online.carrefour.com.tw/zh/%E5%80%8D%E6%BD%94%E9%9B%85/1220105400101.html"}
,
{"field1":"92","賣場":"家樂福","品名":"得意廚房紙巾-70PCx6捲x8包","品牌":"得意","種類":"紙巾","價格":"$632","圖片":"https://online.carrefour.com.tw/dw/image/v2/BFHC_PRD/on/demandware.static/-/Sites-carrefour-tw-m-inner/default/dwf3cb91cb/images/large/0195425.jpeg?sw=300&bgcolor=FFFFFF","網址":"https://online.carrefour.com.tw/zh/%E5%BE%97%E6%84%8F/1222001500108.html"}
,
{"field1":"93","賣場":"家樂福","品名":"春風平版衛生紙-300PC張","品牌":"春風","種類":"平版","價格":"$684","圖片":"https://online.carrefour.com.tw/dw/image/v2/BFHC_PRD/on/demandware.static/-/Sites-carrefour-tw-m-inner/default/dwa9bb8afd/images/large/0099562.jpeg?sw=300&bgcolor=FFFFFF","網址":"https://online.carrefour.com.tw/zh/%E6%98%A5%E9%A2%A8/1220000800136.html"}
,
{"field1":"94","賣場":"家樂福","品名":"春風濕拭衛生紙40PCx3包","品牌":"春風","種類":"","價格":"$1,704","圖片":"https://online.carrefour.com.tw/dw/image/v2/BFHC_PRD/on/demandware.static/-/Sites-carrefour-tw-m-inner/default/dw487743d5/images/large/0263874.jpeg?sw=300&bgcolor=FFFFFF","網址":"https://online.carrefour.com.tw/zh/%E6%98%A5%E9%A2%A8/1220189500112.html"}
,
{"field1":"95","賣場":"家樂福","品名":"簡約木蓋衛生紙盒","品牌":"","種類":"","價格":"$189","圖片":"https://online.carrefour.com.tw/dw/image/v2/BFHC_PRD/on/demandware.static/-/Sites-carrefour-tw-m-inner/default/dw3d57bf92/images/large/31704048001001-1.jpg?sw=300&bgcolor=FFFFFF","網址":"https://online.carrefour.com.tw/zh/%E7%94%9F%E6%B4%BB%E5%A4%A7%E5%B8%AB/3170404800101.html"}
,
{"field1":"96","賣場":"家樂福","品名":"簡約木蓋衛生紙盒","品牌":"","種類":"","價格":"$189","圖片":"https://online.carrefour.com.tw/dw/image/v2/BFHC_PRD/on/demandware.static/-/Sites-carrefour-tw-m-inner/default/dwa72372ee/images/large/31704048003001-1.jpg?sw=300&bgcolor=FFFFFF","網址":"https://online.carrefour.com.tw/zh/%E7%94%9F%E6%B4%BB%E5%A4%A7%E5%B8%AB/3170404800301.html"}
,
{"field1":"97","賣場":"家樂福","品名":"浴室水晶抽取衛生紙盒","品牌":"","種類":"抽取","價格":"$249","圖片":"https://online.carrefour.com.tw/dw/image/v2/BFHC_PRD/on/demandware.static/-/Sites-carrefour-tw-m-inner/default/dwdacb79a0/images/large/0209722.jpeg?sw=300&bgcolor=FFFFFF","網址":"https://online.carrefour.com.tw/zh/3170403300101.html"}
,
{"field1":"98","賣場":"家樂福","品名":"家樂福濕式衛生紙","品牌":"家樂福","種類":"濕式","價格":"$119","圖片":"https://online.carrefour.com.tw/dw/image/v2/BFHC_PRD/on/demandware.static/-/Sites-carrefour-tw-m-inner/default/dw31d7a505/images/large/0232145.jpeg?sw=300&bgcolor=FFFFFF","網址":"https://online.carrefour.com.tw/zh/%E5%AE%B6%E6%A8%82%E7%A6%8F/1220111200103.html"}
,
{"field1":"99","賣場":"家樂福","品名":"舒潔濕式衛生紙外出包","品牌":"舒潔","種類":"濕式","價格":"$98","圖片":"https://online.carrefour.com.tw/dw/image/v2/BFHC_PRD/on/demandware.static/-/Sites-carrefour-tw-m-inner/default/dwb9c20db4/images/large/0041367.jpeg?sw=300&bgcolor=FFFFFF","網址":"https://online.carrefour.com.tw/zh/%E8%88%92%E6%BD%94/1220105300101.html"}
,
{"field1":"100","賣場":"家樂福","品名":"舒潔女性專用濕式衛生紙40PC","品牌":"舒潔","種類":"濕式","價格":"$129","圖片":"https://online.carrefour.com.tw/dw/image/v2/BFHC_PRD/on/demandware.static/-/Sites-carrefour-tw-m-inner/default/dw40692b2d/images/large/0265768.jpeg?sw=300&bgcolor=FFFFFF","網址":"https://online.carrefour.com.tw/zh/%E8%88%92%E6%BD%94/1220189700102.html"}
,
{"field1":"101","賣場":"家樂福","品名":"工業風貨櫃造型衛生紙盒","品牌":"","種類":"","價格":"$189","圖片":"https://online.carrefour.com.tw/dw/image/v2/BFHC_PRD/on/demandware.static/-/Sites-carrefour-tw-m-inner/default/dw82b29aee/images/large/0255554.jpeg?sw=300&bgcolor=FFFFFF","網址":"https://online.carrefour.com.tw/zh/%E7%94%9F%E6%B4%BB%E5%A4%A7%E5%B8%AB/3170404200201.html"}
,
{"field1":"102","賣場":"家樂福","品名":"工業風貨櫃造型衛生紙盒","品牌":"","種類":"","價格":"$189","圖片":"https://online.carrefour.com.tw/dw/image/v2/BFHC_PRD/on/demandware.static/-/Sites-carrefour-tw-m-inner/default/dw51eb2102/images/large/0255553.jpeg?sw=300&bgcolor=FFFFFF","網址":"https://online.carrefour.com.tw/zh/%E7%94%9F%E6%B4%BB%E5%A4%A7%E5%B8%AB/3170404200301.html"}
,
{"field1":"103","賣場":"家樂福","品名":"工業風貨櫃造型衛生紙盒","品牌":"","種類":"","價格":"$189","圖片":"https://online.carrefour.com.tw/dw/image/v2/BFHC_PRD/on/demandware.static/-/Sites-carrefour-tw-m-inner/default/dw715a5a36/images/large/0255552.jpeg?sw=300&bgcolor=FFFFFF","網址":"https://online.carrefour.com.tw/zh/%E7%94%9F%E6%B4%BB%E5%A4%A7%E5%B8%AB/3170404200101.html"}
,
{"field1":"104","賣場":"家樂福","品名":"家而適捲筒衛生紙放置架","品牌":"","種類":"捲筒","價格":"$199","圖片":"https://online.carrefour.com.tw/dw/image/v2/BFHC_PRD/on/demandware.static/-/Sites-carrefour-tw-m-inner/default/dwb3e49737/images/large/0205802.jpeg?sw=300&bgcolor=FFFFFF","網址":"https://online.carrefour.com.tw/zh/%E5%AE%B6%E8%80%8C%E9%81%A9/3170401200101.html"}
,
{"field1":"105","賣場":"家樂福","品名":"家而適抽取衛生紙放置架","品牌":"","種類":"抽取","價格":"$459","圖片":"https://online.carrefour.com.tw/dw/image/v2/BFHC_PRD/on/demandware.static/-/Sites-carrefour-tw-m-inner/default/dw0545791b/images/large/0205799.jpeg?sw=300&bgcolor=FFFFFF","網址":"https://online.carrefour.com.tw/zh/%E5%AE%B6%E8%80%8C%E9%81%A9/3170400400101.html"}
,
{"field1":"106","賣場":"家樂福","品名":"3M無痕防水抽取式衛生紙架","品牌":"","種類":"抽取","價格":"$459","圖片":"https://online.carrefour.com.tw/dw/image/v2/BFHC_PRD/on/demandware.static/-/Sites-carrefour-tw-m-inner/default/dw4c104a68/images/large/0233473_3m.jpeg?sw=300&bgcolor=FFFFFF","網址":"https://online.carrefour.com.tw/zh/3m/3170404000101.html"}
,
{"field1":"107","賣場":"家樂福","品名":"舒潔濕式衛生紙贈品超值組40PCx7","品牌":"舒潔","種類":"濕式","價格":"$359","圖片":"https://online.carrefour.com.tw/dw/image/v2/BFHC_PRD/on/demandware.static/-/Sites-carrefour-tw-m-inner/default/dw202c074c/images/large/0274399.jpeg?sw=300&bgcolor=FFFFFF","網址":"https://online.carrefour.com.tw/zh/%E8%88%92%E6%BD%94/1220113000101.html"}
,
{"field1":"108","賣場":"家樂福","品名":"【DIY】隨意貼無痕壁掛衛生紙架","品牌":"","種類":"","價格":"$120","圖片":"https://online.carrefour.com.tw/dw/image/v2/BFHC_PRD/on/demandware.static/-/Sites-carrefour-tw-m-inner/default/dw877792db/images/large/0128540_sa02.jpeg?sw=300&bgcolor=FFFFFF","網址":"https://online.carrefour.com.tw/zh/3176000100101.html"}
,
{"field1":"109","賣場":"家樂福","品名":"家而適多功能抽取式衛生紙架","品牌":"","種類":"抽取","價格":"$479","圖片":"https://online.carrefour.com.tw/dw/image/v2/BFHC_PRD/on/demandware.static/-/Sites-carrefour-tw-m-inner/default/dwc7b625cf/images/large/0205861.jpeg?sw=300&bgcolor=FFFFFF","網址":"https://online.carrefour.com.tw/zh/%E5%AE%B6%E8%80%8C%E9%81%A9/3170403400101.html"}
,
{"field1":"110","賣場":"家樂福","品名":"春風柔韌感山茶花抽取衛生紙","品牌":"春風","種類":"抽取","價格":"$966","圖片":"https://online.carrefour.com.tw/dw/image/v2/BFHC_PRD/on/demandware.static/-/Sites-carrefour-tw-m-inner/default/dwfe2f39a6/images/large/0204606.jpeg?sw=300&bgcolor=FFFFFF","網址":"https://online.carrefour.com.tw/zh/%E6%98%A5%E9%A2%A8/1220108300172.html"}
,
{"field1":"111","賣場":"家樂福","品名":"春風柔韌感抽取衛生紙110PCx12x6袋","品牌":"春風","種類":"抽取","價格":"$858","圖片":"https://online.carrefour.com.tw/dw/image/v2/BFHC_PRD/on/demandware.static/-/Sites-carrefour-tw-m-inner/default/dw8e257ef5/images/large/0245769.jpeg?sw=300&bgcolor=FFFFFF","網址":"https://online.carrefour.com.tw/zh/%E6%98%A5%E9%A2%A8/1220102500172.html"}
,
{"field1":"112","賣場":"家樂福","品名":"春風柔韌感抽取衛生紙110PCx12","品牌":"春風","種類":"抽取","價格":"$143","圖片":"https://online.carrefour.com.tw/dw/image/v2/BFHC_PRD/on/demandware.static/-/Sites-carrefour-tw-m-inner/default/dw4fb71b72/images/large/0245767.jpeg?sw=300&bgcolor=FFFFFF","網址":"https://online.carrefour.com.tw/zh/%E6%98%A5%E9%A2%A8/1220102500112.html"}
,
{"field1":"113","賣場":"家樂福","品名":"3M無痕防水收納配件組-雙鉤背板","品牌":"","種類":"","價格":"$119","圖片":"https://online.carrefour.com.tw/dw/image/v2/BFHC_PRD/on/demandware.static/-/Sites-carrefour-tw-m-inner/default/dw9a89661a/images/large/0112751_3m-.jpeg?sw=300&bgcolor=FFFFFF","網址":"https://online.carrefour.com.tw/zh/3m/3170793600101.html"}
,
{"field1":"114","賣場":"家樂福","品名":"【汽車百貨】YARK車用椅背收納袋","品牌":"","種類":"","價格":"$399","圖片":"https://online.carrefour.com.tw/dw/image/v2/BFHC_PRD/on/demandware.static/-/Sites-carrefour-tw-m-inner/default/dwc0468959/images/large/0248534_yark.png?sw=300&bgcolor=FFFFFF","網址":"https://online.carrefour.com.tw/zh/%E4%BA%9E%E5%85%8B/3553100900101.html"}
,
{"field1":"115","賣場":"家樂福","品名":"【汽車百貨】車用錢包收納袋","品牌":"","種類":"","價格":"$218","圖片":"https://online.carrefour.com.tw/dw/image/v2/BFHC_PRD/on/demandware.static/-/Sites-carrefour-tw-m-inner/default/dw428c4bc0/images/large/0254643.jpeg?sw=300&bgcolor=FFFFFF","網址":"https://online.carrefour.com.tw/zh/%E4%BA%9E%E5%85%8B/3554301600101.html"}
,
{"field1":"116","賣場":"家樂福","品名":"威猛先生可沖式清新潔廁刷補充包","品牌":"","種類":"","價格":"$99","圖片":"https://online.carrefour.com.tw/dw/image/v2/BFHC_PRD/on/demandware.static/-/Sites-carrefour-tw-m-inner/default/dw90220db5/images/large/0273676.jpeg?sw=300&bgcolor=FFFFFF","網址":"https://online.carrefour.com.tw/zh/%E5%A8%81%E7%8C%9B%E5%85%88%E7%94%9F/3176292000101.html"}
,
{"field1":"117","賣場":"家樂福","品名":"威猛先生可沖式清新潔廁刷","品牌":"","種類":"","價格":"$99","圖片":"https://online.carrefour.com.tw/dw/image/v2/BFHC_PRD/on/demandware.static/-/Sites-carrefour-tw-m-inner/default/dw29fc6aa4/images/large/0273675.jpeg?sw=300&bgcolor=FFFFFF","網址":"https://online.carrefour.com.tw/zh/%E5%A8%81%E7%8C%9B%E5%85%88%E7%94%9F/3176291900101.html"}
,
{"field1":"118","賣場":"家樂福","品名":"【汽車百貨】YARK車內多功能收納袋","品牌":"","種類":"","價格":"$499","圖片":"https://online.carrefour.com.tw/dw/image/v2/BFHC_PRD/on/demandware.static/-/Sites-carrefour-tw-m-inner/default/dwc5ce11bb/images/large/35543029001-1.jpg?sw=300&bgcolor=FFFFFF","網址":"https://online.carrefour.com.tw/zh/%E4%BA%9E%E5%85%8B/3554302900101.html"}
,
{"field1":"119","賣場":"家樂福","品名":"倍潔雅抽取衛生紙","品牌":"倍潔雅","種類":"抽取","價格":"$78","圖片":"https://online.carrefour.com.tw/dw/image/v2/BFHC_PRD/on/demandware.static/-/Sites-carrefour-tw-m-inner/default/dw1b14911a/images/large/0172807.jpeg?sw=300&bgcolor=FFFFFF","網址":"https://online.carrefour.com.tw/zh/%E5%80%8D%E6%BD%94%E9%9B%85/1220104100106.html"}
,
{"field1":"120","賣場":"家樂福","品名":"倍潔雅抽取衛生紙","品牌":"倍潔雅","種類":"抽取","價格":"$936","圖片":"https://online.carrefour.com.tw/dw/image/v2/BFHC_PRD/on/demandware.static/-/Sites-carrefour-tw-m-inner/default/dw595ade71/images/large/0217334.jpeg?sw=300&bgcolor=FFFFFF","網址":"https://online.carrefour.com.tw/zh/%E5%80%8D%E6%BD%94%E9%9B%85/1220104100172.html"}
,
{"field1":"121","賣場":"家樂福","品名":"百吉牌平版衛生紙-300PC","品牌":"百吉","種類":"平版","價格":"$558","圖片":"https://online.carrefour.com.tw/dw/image/v2/BFHC_PRD/on/demandware.static/-/Sites-carrefour-tw-m-inner/default/dw86dae75c/images/large/0096160.jpeg?sw=300&bgcolor=FFFFFF","網址":"https://online.carrefour.com.tw/zh/%E7%99%BE%E5%90%89/1220000300136.html"}
,
{"field1":"122","賣場":"家樂福","品名":"百吉牌平版衛生紙-300PC","品牌":"百吉","種類":"平版","價格":"$93","圖片":"https://online.carrefour.com.tw/dw/image/v2/BFHC_PRD/on/demandware.static/-/Sites-carrefour-tw-m-inner/default/dw44c7e28b/images/large/0007262.jpeg?sw=300&bgcolor=FFFFFF","網址":"https://online.carrefour.com.tw/zh/%E7%99%BE%E5%90%89/1220000300106.html"}
,
{"field1":"123","賣場":"家樂福","品名":"唯潔雅輕巧萬用抽取式衛生紙120PC","品牌":"唯潔雅","種類":"抽取","價格":"$225","圖片":"https://online.carrefour.com.tw/dw/image/v2/BFHC_PRD/on/demandware.static/-/Sites-carrefour-tw-m-inner/default/dw66263392/images/large/0266532.jpeg?sw=300&bgcolor=FFFFFF","網址":"https://online.carrefour.com.tw/zh/%E5%94%AF%E6%BD%94%E9%9B%85/1220106700130.html"}
,
{"field1":"124","賣場":"家樂福","品名":"可麗舒抽取衛生紙100PCx24包x3袋(限量加量包裝數量有限出完為止,請以實際到貨包裝為主)","品牌":"可麗舒","種類":"抽取","價格":"$717","圖片":"https://online.carrefour.com.tw/dw/image/v2/BFHC_PRD/on/demandware.static/-/Sites-carrefour-tw-m-inner/default/dwefbd5b49/images/large/15020619348883.jpg?sw=300&bgcolor=FFFFFF","網址":"https://online.carrefour.com.tw/zh/%E5%8F%AF%E9%BA%97%E8%88%92/1220189800172.html"}
,
{"field1":"125","賣場":"家樂福","品名":"可麗舒抽取衛生紙100PCx24(限量加量包裝數量有限出完為止,請以實際到貨包裝為主)","品牌":"可麗舒","種類":"抽取","價格":"$245","圖片":"https://online.carrefour.com.tw/dw/image/v2/BFHC_PRD/on/demandware.static/-/Sites-carrefour-tw-m-inner/default/dwefbd5b49/images/large/15020619348883.jpg?sw=300&bgcolor=FFFFFF","網址":"https://online.carrefour.com.tw/zh/%E5%8F%AF%E9%BA%97%E8%88%92/1220189800124.html"}
,
{"field1":"126","賣場":"家樂福","品名":"家樂福環保捲筒衛生紙","品牌":"家樂福","種類":"捲筒","價格":"$270","圖片":"https://online.carrefour.com.tw/dw/image/v2/BFHC_PRD/on/demandware.static/-/Sites-carrefour-tw-m-inner/default/dw2a1cd208/images/large/0253540.jpeg?sw=300&bgcolor=FFFFFF","網址":"https://online.carrefour.com.tw/zh/%E5%AE%B6%E6%A8%82%E7%A6%8F/1220203900106.html"}
,
{"field1":"127","賣場":"家樂福","品名":"家樂福環保捲筒衛生紙","品牌":"家樂福","種類":"捲筒","價格":"$45","圖片":"https://online.carrefour.com.tw/dw/image/v2/BFHC_PRD/on/demandware.static/-/Sites-carrefour-tw-m-inner/default/dwd1931e30/images/large/0253541.jpeg?sw=300&bgcolor=FFFFFF","網址":"https://online.carrefour.com.tw/zh/%E5%AE%B6%E6%A8%82%E7%A6%8F/1220203900101.html"}
,
{"field1":"128","賣場":"家樂福","品名":"春風小超人袖珍包衛生紙","品牌":"春風","種類":"","價格":"$75","圖片":"https://online.carrefour.com.tw/dw/image/v2/BFHC_PRD/on/demandware.static/-/Sites-carrefour-tw-m-inner/default/dw5ed07868/images/large/0188639.jpeg?sw=300&bgcolor=FFFFFF","網址":"https://online.carrefour.com.tw/zh/%E6%98%A5%E9%A2%A8/1221101900101.html"}
,
{"field1":"129","賣場":"家樂福","品名":"家樂福捲筒式花紋衛生紙-12捲","品牌":"家樂福","種類":"捲筒","價格":"$880","圖片":"https://online.carrefour.com.tw/dw/image/v2/BFHC_PRD/on/demandware.static/-/Sites-carrefour-tw-m-inner/default/dw67db56bc/images/large/0255932.jpeg?sw=300&bgcolor=FFFFFF","網址":"https://online.carrefour.com.tw/zh/%E5%AE%B6%E6%A8%82%E7%A6%8F/1220200900108.html"}
,
{"field1":"130","賣場":"家樂福","品名":"家樂福捲筒式花紋衛生紙-12捲","品牌":"家樂福","種類":"捲筒","價格":"$110","圖片":"https://online.carrefour.com.tw/dw/image/v2/BFHC_PRD/on/demandware.static/-/Sites-carrefour-tw-m-inner/default/dwb0f13267/images/large/0255930.jpeg?sw=300&bgcolor=FFFFFF","網址":"https://online.carrefour.com.tw/zh/%E5%AE%B6%E6%A8%82%E7%A6%8F/1220200900101.html"}
,
{"field1":"131","賣場":"家樂福","品名":"家樂福大捲筒縐紋衛生紙","品牌":"家樂福","種類":"捲筒","價格":"$179","圖片":"https://online.carrefour.com.tw/dw/image/v2/BFHC_PRD/on/demandware.static/-/Sites-carrefour-tw-m-inner/default/dwff3cc761/images/large/0198991.jpeg?sw=300&bgcolor=FFFFFF","網址":"https://online.carrefour.com.tw/zh/%E5%AE%B6%E6%A8%82%E7%A6%8F/1220200800101.html"}
,
{"field1":"132","賣場":"家樂福","品名":"可麗舒櫻花柔選抽取衛生紙","品牌":"可麗舒","種類":"抽取","價格":"$393","圖片":"https://online.carrefour.com.tw/dw/image/v2/BFHC_PRD/on/demandware.static/-/Sites-carrefour-tw-m-inner/default/dw58bdb93a/images/large/0205924.jpeg?sw=300&bgcolor=FFFFFF","網址":"https://online.carrefour.com.tw/zh/%E5%8F%AF%E9%BA%97%E8%88%92/1220109600120.html"}
,
{"field1":"133","賣場":"家樂福","品名":"家樂福三層抽取式衛生紙-PEFC-100PCx6","品牌":"家樂福","種類":"抽取","價格":"$69","圖片":"https://online.carrefour.com.tw/dw/image/v2/BFHC_PRD/on/demandware.static/-/Sites-carrefour-tw-m-inner/default/dwea042aac/images/large/0266513_-efc.png?sw=300&bgcolor=FFFFFF","網址":"https://online.carrefour.com.tw/zh/%E5%AE%B6%E6%A8%82%E7%A6%8F/1220112800101.html"}
,
{"field1":"134","賣場":"家樂福","品名":"舒潔金盞花抽取衛生紙90抽","品牌":"舒潔","種類":"抽取","價格":"$135","圖片":"https://online.carrefour.com.tw/dw/image/v2/BFHC_PRD/on/demandware.static/-/Sites-carrefour-tw-m-inner/default/dw9a12696f/images/large/1220114800108_.jpg?sw=300&bgcolor=FFFFFF","網址":"https://online.carrefour.com.tw/zh/%E8%88%92%E6%BD%94/1220114800108.html"}
,
{"field1":"135","賣場":"家樂福","品名":"得意連續抽取式花紋衛生紙-100PC","品牌":"得意","種類":"抽取","價格":"$235","圖片":"https://online.carrefour.com.tw/dw/image/v2/BFHC_PRD/on/demandware.static/-/Sites-carrefour-tw-m-inner/default/dwc96f19b8/images/large/0201599.jpeg?sw=300&bgcolor=FFFFFF","網址":"https://online.carrefour.com.tw/zh/%E5%BE%97%E6%84%8F/1220100100124.html"}
,
{"field1":"136","賣場":"家樂福","品名":"得意連續抽取式花紋衛生紙-100PC","品牌":"得意","種類":"抽取","價格":"$705","圖片":"https://online.carrefour.com.tw/dw/image/v2/BFHC_PRD/on/demandware.static/-/Sites-carrefour-tw-m-inner/default/dw34b82c3d/images/large/0201600.jpeg?sw=300&bgcolor=FFFFFF","網址":"https://online.carrefour.com.tw/zh/%E5%BE%97%E6%84%8F/1220100100172.html"}
,
{"field1":"137","賣場":"家樂福","品名":"舒潔三層竹萃抽取衛生紙90抽","品牌":"舒潔","種類":"抽取","價格":"$159","圖片":"https://online.carrefour.com.tw/dw/image/v2/BFHC_PRD/on/demandware.static/-/Sites-carrefour-tw-m-inner/default/dwd365f1e7/images/large/1220113400106_.jpg?sw=300&bgcolor=FFFFFF","網址":"https://online.carrefour.com.tw/zh/%E8%88%92%E6%BD%94/1220113400106.html"}
,
{"field1":"138","賣場":"家樂福","品名":"舒潔歡樂炫彩抽取衛生紙-120PC","品牌":"舒潔","種類":"抽取","價格":"$179","圖片":"https://online.carrefour.com.tw/dw/image/v2/BFHC_PRD/on/demandware.static/-/Sites-carrefour-tw-m-inner/default/dw53a114d7/images/large/0255559_120.png?sw=300&bgcolor=FFFFFF","網址":"https://online.carrefour.com.tw/zh/%E8%88%92%E6%BD%94/1220112400110.html"}
,
{"field1":"139","賣場":"家樂福","品名":"舒潔三層竹炭萃取抽取衛生紙-94PC","品牌":"舒潔","種類":"抽取","價格":"$365","圖片":"https://online.carrefour.com.tw/dw/image/v2/BFHC_PRD/on/demandware.static/-/Sites-carrefour-tw-m-inner/default/dwad02f1ff/images/large/0231398.jpeg?sw=300&bgcolor=FFFFFF","網址":"https://online.carrefour.com.tw/zh/%E8%88%92%E6%BD%94/1220109700120.html"}
,
{"field1":"140","賣場":"家樂福","品名":"春風黃阿瑪卡通版抽取式衛生紙-100PC","品牌":"春風","種類":"抽取","價格":"$248","圖片":"https://online.carrefour.com.tw/dw/image/v2/BFHC_PRD/on/demandware.static/-/Sites-carrefour-tw-m-inner/default/dwa36de501/images/large/0247844.jpeg?sw=300&bgcolor=FFFFFF","網址":"https://online.carrefour.com.tw/zh/%E6%98%A5%E9%A2%A8/1220100800120.html"}
,
{"field1":"141","賣場":"家樂福","品名":"舒潔羽絨經濟抽取衛生紙(100抽x12包)","品牌":"舒潔","種類":"抽取","價格":"$278","圖片":"https://online.carrefour.com.tw/dw/image/v2/BFHC_PRD/on/demandware.static/-/Sites-carrefour-tw-m-inner/default/dw6563074f/images/large/1220115500101.jpg?sw=300&bgcolor=FFFFFF","網址":"https://online.carrefour.com.tw/zh/%E8%88%92%E6%BD%94/1220115500101.html"}
,
{"field1":"142","賣場":"家樂福","品名":"五月花舒敏厚棒抽取式衛生紙86抽4包","品牌":"五月花","種類":"抽取","價格":"$84","圖片":"https://online.carrefour.com.tw/dw/image/v2/BFHC_PRD/on/demandware.static/-/Sites-carrefour-tw-m-inner/default/dw76d38473/images/large/1220115300101.jpg?sw=300&bgcolor=FFFFFF","網址":"https://online.carrefour.com.tw/zh/%E4%BA%94%E6%9C%88%E8%8A%B1/1220115300101.html"}
,
{"field1":"143","賣場":"家樂福","品名":"春風Sillace頂級絲柔乳霜果仁油抽取衛生紙-110抽","品牌":"春風","種類":"抽取","價格":"$199","圖片":"https://online.carrefour.com.tw/dw/image/v2/BFHC_PRD/on/demandware.static/-/Sites-carrefour-tw-m-inner/default/dw1fe7ccbf/images/large/0175058_sillace.jpeg?sw=300&bgcolor=FFFFFF","網址":"https://online.carrefour.com.tw/zh/%E6%98%A5%E9%A2%A8/1220107200112.html"}
,
{"field1":"144","賣場":"家樂福","品名":"春風Sillace頂級絲柔乳霜果仁油抽取衛生紙-110PC","品牌":"春風","種類":"抽取","價格":"$1,194","圖片":"https://online.carrefour.com.tw/dw/image/v2/BFHC_PRD/on/demandware.static/-/Sites-carrefour-tw-m-inner/default/dwf4abc8ad/images/large/0206159_sillace.jpeg?sw=300&bgcolor=FFFFFF","網址":"https://online.carrefour.com.tw/zh/%E6%98%A5%E9%A2%A8/1220107200172.html"}
,
{"field1":"145","賣場":"家樂福","品名":"倍潔雅柔拭萬用紙巾-120PC抽","品牌":"倍潔雅","種類":"紙巾","價格":"$167","圖片":"https://online.carrefour.com.tw/dw/image/v2/BFHC_PRD/on/demandware.static/-/Sites-carrefour-tw-m-inner/default/dwffc19a6f/images/large/0007290.jpeg?sw=300&bgcolor=FFFFFF","網址":"https://online.carrefour.com.tw/zh/%E5%80%8D%E6%BD%94%E9%9B%85/1220106400120.html"}
,
{"field1":"146","賣場":"家樂福","品名":"倍潔雅柔拭萬用紙巾-120PC抽","品牌":"倍潔雅","種類":"紙巾","價格":"$668","圖片":"https://online.carrefour.com.tw/dw/image/v2/BFHC_PRD/on/demandware.static/-/Sites-carrefour-tw-m-inner/default/dw9f635f40/images/large/0238708.jpeg?sw=300&bgcolor=FFFFFF","網址":"https://online.carrefour.com.tw/zh/%E5%80%8D%E6%BD%94%E9%9B%85/1220106400180.html"}
,
{"field1":"147","賣場":"家樂福","品名":"五月花雪絨柔感抽取-100PCx30包","品牌":"五月花","種類":"抽取","價格":"$375","圖片":"https://online.carrefour.com.tw/dw/image/v2/BFHC_PRD/on/demandware.static/-/Sites-carrefour-tw-m-inner/default/dwb7950a31/images/large/0249497_100.jpeg?sw=300&bgcolor=FFFFFF","網址":"https://online.carrefour.com.tw/zh/%E4%BA%94%E6%9C%88%E8%8A%B1/1220111600101.html"}
,
{"field1":"148","賣場":"家樂福","品名":"平板式衛生紙盒","品牌":"","種類":"","價格":"$179","圖片":"https://online.carrefour.com.tw/dw/image/v2/BFHC_PRD/on/demandware.static/-/Sites-carrefour-tw-m-inner/default/dw8739d1f6/images/large/0141619.jpeg?sw=300&bgcolor=FFFFFF","網址":"https://online.carrefour.com.tw/zh/3170402400101.html"}
,
{"field1":"149","賣場":"家樂福","品名":"簡約木蓋衛生紙盒","品牌":"","種類":"","價格":"$189","圖片":"https://online.carrefour.com.tw/dw/image/v2/BFHC_PRD/on/demandware.static/-/Sites-carrefour-tw-m-inner/default/dw05280058/images/large/31704048002001-1.jpg?sw=300&bgcolor=FFFFFF","網址":"https://online.carrefour.com.tw/zh/%E7%94%9F%E6%B4%BB%E5%A4%A7%E5%B8%AB/3170404800201.html"}
,
{"field1":"150","賣場":"家樂福","品名":"春風小超人袖珍包衛生紙9PCx30包x20袋","品牌":"春風","種類":"","價格":"$1,500","圖片":"https://online.carrefour.com.tw/dw/image/v2/BFHC_PRD/on/demandware.static/-/Sites-carrefour-tw-m-inner/default/dw62b8f90a/images/large/0222502.jpeg?sw=300&bgcolor=FFFFFF","網址":"https://online.carrefour.com.tw/zh/%E6%98%A5%E9%A2%A8/1221101900120.html"}
,
{"field1":"151","賣場":"7_eleven","品名":"【舒潔】女性專用濕式衛生紙10抽／包(2入)","品牌":"舒潔","種類":"濕式","價格":"$39","圖片":"https://shop.7-11.com.tw/mdz_file/item/18/04/01/6202/62020000008G_intr_b_10_220217162025.jpg","網址":"https://shop.7-11.com.tw/shop/rui005.faces?ID=620200000082"}
,
{"field1":"152","賣場":"7_eleven","品名":"【舒潔】女性專用濕式衛生紙10抽","品牌":"舒潔","種類":"濕式","價格":"$49","圖片":"https://shop.7-11.com.tw/mdz_file/item/18/04/01/2201/22010000725G_intr_b_10_220217102039.jpg","網址":"https://shop.7-11.com.tw/shop/rui005.faces?ID=220100007256"}
,
{"field1":"153","賣場":"7_eleven","品名":"【春風】超細柔抽取式衛生紙110抽72包*2箱組+抽取衛生紙6包隨機","品牌":"春風","種類":"抽取","價格":"$1,700","圖片":"https://shop.7-11.com.tw/mdz_file/item/18/04/01/2112/21120001982G_intr_b_10_220224133533.jpg","網址":"https://shop.7-11.com.tw/shop/rui005.faces?ID=211200019820"}
,
{"field1":"154","賣場":"7_eleven","品名":"多用途防水衛生紙置物盒","品牌":"","種類":"","價格":"$359","圖片":"https://shop.7-11.com.tw/mdz_file/item/09/04/04/2112/21120000504G_intr_b_10_211206173446.jpg","網址":"https://shop.7-11.com.tw/shop/rui005.faces?ID=211200005041"}
,
{"field1":"155","賣場":"7_eleven","品名":"Kleenex 舒潔-Baby Soft頂級3層舒適抽取衛生紙100抽x24包","品牌":"","種類":"","價格":"$569","圖片":"https://shop.7-11.com.tw/mdz_file/item/18/04/01/2112/21120000505G_intr_b_10_211206173459.jpg","網址":"https://shop.7-11.com.tw/shop/rui005.faces?ID=211200005050"}
,
{"field1":"156","賣場":"7_eleven","品名":"MAY FLOWER 五月花 頂級妙用綿柔抽取衛生紙-輕巧包130抽X36包","品牌":"","種類":"","價格":"$469","圖片":"https://shop.7-11.com.tw/mdz_file/item/18/04/01/2112/21120000507G_intr_b_10_211206173459.jpg","網址":"https://shop.7-11.com.tw/shop/rui005.faces?ID=211200005078"}
,
{"field1":"157","賣場":"7_eleven","品名":"Kirkland Signature 科克蘭 三層抽取衛生紙 120抽x24包","品牌":"","種類":"","價格":"$509","圖片":"https://shop.7-11.com.tw/mdz_file/item/18/04/01/2112/21120000509G_intr_b_10_211206173459.jpg","網址":"https://shop.7-11.com.tw/shop/rui005.faces?ID=211200005096"}
,
{"field1":"158","賣場":"7_eleven","品名":"【春風】超細柔抽取式衛生紙110抽x24包x3串+抽取衛生紙6包","品牌":"春風","種類":"抽取","價格":"$880","圖片":"https://shop.7-11.com.tw/mdz_file/item/18/04/01/2112/21120000466G_intr_b_10_220224133532.jpg","網址":"https://shop.7-11.com.tw/shop/rui005.faces?ID=211200004664"}
,
{"field1":"159","賣場":"7_eleven","品名":"Kirkland Signature 科克蘭 捲筒衛生紙","品牌":"","種類":"","價格":"$439","圖片":"https://shop.7-11.com.tw/mdz_file/item/25/09/09/2112/21120000009G_intr_b_10_211201173440.jpg","網址":"https://shop.7-11.com.tw/shop/rui005.faces?ID=211200000091"}
,
{"field1":"160","賣場":"7_eleven","品名":"【春風】超細柔抽取式衛生紙110抽*72包＋日本獅王洗碗精x1瓶*香味隨機","品牌":"春風","種類":"抽取","價格":"$880","圖片":"https://shop.7-11.com.tw/mdz_file/item/18/04/01/2111/21110000149G_intr_b_10_220224133533.jpg","網址":"https://shop.7-11.com.tw/shop/rui005.faces?ID=211100001496"}
,
{"field1":"161","賣場":"7_eleven","品名":"【簡約組合】抽取式衛生紙200抽20包3串-金","品牌":"簡約組合","種類":"抽取","價格":"$799","圖片":"https://shop.7-11.com.tw/mdz_file/item/18/04/01/2110/21100000644G_intr_b_10_211228172908.jpg","網址":"https://shop.7-11.com.tw/shop/rui005.faces?ID=211000006446"}
,
{"field1":"162","賣場":"7_eleven","品名":"【科克蘭】三層抽取衛生紙 120張x24包","品牌":"科克蘭","種類":"抽取","價格":"$519","圖片":"https://shop.7-11.com.tw/mdz_file/item/18/04/01/2109/21090000129G_intr_b_10_211028184714.jpg","網址":"https://shop.7-11.com.tw/shop/rui005.faces?ID=210900001298"}
,
{"field1":"163","賣場":"7_eleven","品名":"【科克蘭】三層抽取衛生紙 120張x24包x2串","品牌":"科克蘭","種類":"抽取","價格":"$939","圖片":"https://shop.7-11.com.tw/mdz_file/item/18/04/01/2108/21080002152G_intr_b_10_211028184716.jpg","網址":"https://shop.7-11.com.tw/shop/rui005.faces?ID=210800021520"}
,
{"field1":"164","賣場":"7_eleven","品名":"【科克蘭】 三層抽取衛生紙 120張x24包x3串","品牌":"科克蘭","種類":"抽取","價格":"$1,359","圖片":"https://shop.7-11.com.tw/mdz_file/item/18/04/01/2108/21080002154G_intr_b_10_211028184715.jpg","網址":"https://shop.7-11.com.tw/shop/rui005.faces?ID=210800021548"}
,
{"field1":"165","賣場":"7_eleven","品名":"【Kleenex 舒潔】頂級四層喀什米爾抽取衛生紙 90抽x6包x2串","品牌":"Kleenex 舒潔","種類":"抽取","價格":"$349","圖片":"https://shop.7-11.com.tw/mdz_file/item/18/04/01/2108/21080002007G_intr_b_10_210825181413.jpg","網址":"https://shop.7-11.com.tw/shop/rui005.faces?ID=210800020071"}
,
{"field1":"166","賣場":"7_eleven","品名":"【簡約組合】優質抽取式衛生紙150抽x10包x2串","品牌":"簡約組合","種類":"抽取","價格":"$279","圖片":"https://shop.7-11.com.tw/mdz_file/item/18/04/01/2108/21080001836G_intr_b_10_210824114515.jpg","網址":"https://shop.7-11.com.tw/shop/rui005.faces?ID=210800018362"}
,
{"field1":"167","賣場":"7_eleven","品名":"【得意】平版衛生紙300張x6包","品牌":"得意","種類":"平版","價格":"$199","圖片":"https://shop.7-11.com.tw/mdz_file/item/18/04/01/2108/21080000940G_intr_b_10_210813140408.jpg","網址":"https://shop.7-11.com.tw/shop/rui005.faces?ID=210800009407"}
,
{"field1":"168","賣場":"7_eleven","品名":"【春風】柔韌細緻平版衛生紙300張x6包","品牌":"春風","種類":"平版","價格":"$199","圖片":"https://shop.7-11.com.tw/mdz_file/item/18/04/01/2108/21080000943G_intr_b_10_210813140409.jpg","網址":"https://shop.7-11.com.tw/shop/rui005.faces?ID=210800009434"}
,
{"field1":"169","賣場":"7_eleven","品名":"【五月花】平版衛生紙300張x6包","品牌":"五月花","種類":"平版","價格":"$199","圖片":"https://shop.7-11.com.tw/mdz_file/item/18/04/01/2108/21080000830G_intr_b_10_210812125252.jpg","網址":"https://shop.7-11.com.tw/shop/rui005.faces?ID=210800008309"}
,
{"field1":"170","賣場":"7_eleven","品名":"【春風】Hello Kitty 抽取式衛生紙 限量包 100抽x10包x2串","品牌":"春風","種類":"抽取","價格":"$339","圖片":"https://shop.7-11.com.tw/mdz_file/item/18/04/01/2107/21070001743G_intr_b_10_210730180210.jpg","網址":"https://shop.7-11.com.tw/shop/rui005.faces?ID=210700017435"}
,
{"field1":"171","賣場":"7_eleven","品名":"【唯潔雅】潔淨柔感抽取式衛生紙90抽x14包x2串","品牌":"唯潔雅","種類":"抽取","價格":"$280","圖片":"https://shop.7-11.com.tw/mdz_file/item/18/04/01/2107/21070000746G_intr_b_10_211207170541.jpg","網址":"https://shop.7-11.com.tw/shop/rui005.faces?ID=210700007463"}
,
{"field1":"172","賣場":"7_eleven","品名":"【MAY FLOWER 五月花】厚棒抽取式衛生紙60抽*6包","品牌":"MAY FLOWER 五月花","種類":"抽取","價格":"$179","圖片":"https://shop.7-11.com.tw/mdz_file/item/18/04/01/2107/21070000748G_intr_b_10_210720214946.jpg","網址":"https://shop.7-11.com.tw/shop/rui005.faces?ID=210700007481"}
,
{"field1":"173","賣場":"7_eleven","品名":"【得意】連續抽取式花紋衛生紙100抽x10包x2串","品牌":"得意","種類":"抽取","價格":"$299","圖片":"https://shop.7-11.com.tw/mdz_file/item/18/04/01/2107/21070000406G_intr_b_10_210709224352.jpg","網址":"https://shop.7-11.com.tw/shop/rui005.faces?ID=210700004060"}
,
{"field1":"174","賣場":"7_eleven","品名":"【原萃】優質抽取式衛生紙100抽10包2串","品牌":"原萃","種類":"抽取","價格":"$230","圖片":"https://shop.7-11.com.tw/mdz_file/item/18/04/01/2107/21070000407G_intr_b_10_210709224352.jpg","網址":"https://shop.7-11.com.tw/shop/rui005.faces?ID=210700004079"}
,
{"field1":"175","賣場":"7_eleven","品名":"【春風】一秒抽取式廚房紙巾120抽x6包+雪柔抽取衛生紙90抽x6包","品牌":"春風","種類":"抽取","價格":"$280","圖片":"https://shop.7-11.com.tw/mdz_file/item/18/04/01/2107/21070000408G_intr_b_10_210812125250.jpg","網址":"https://shop.7-11.com.tw/shop/rui005.faces?ID=210700004088"}
,
{"field1":"176","賣場":"7_eleven","品名":"【簡約組合】優質抽取式衛生紙100抽x10包x2串-黃","品牌":"簡約組合","種類":"抽取","價格":"$230","圖片":"https://shop.7-11.com.tw/mdz_file/item/18/04/01/2107/21070000409G_intr_b_10_210709224353.jpg","網址":"https://shop.7-11.com.tw/shop/rui005.faces?ID=210700004097"}
,
{"field1":"177","賣場":"7_eleven","品名":"【Kleenex 舒潔】棉柔舒適抽取衛生紙100抽x10包x2串","品牌":"Kleenex 舒潔","種類":"抽取","價格":"$369","圖片":"https://shop.7-11.com.tw/mdz_file/item/18/04/01/2107/21070000410G_intr_b_10_211102191136.jpg","網址":"https://shop.7-11.com.tw/shop/rui005.faces?ID=210700004105"}
,
{"field1":"178","賣場":"7_eleven","品名":"【Kleenex 舒潔】頂級三層舒適竹炭萃取抽取衛生紙90抽x6包x2串","品牌":"Kleenex 舒潔","種類":"抽取","價格":"$350","圖片":"https://shop.7-11.com.tw/mdz_file/item/18/04/01/2107/21070000411G_intr_b_10_220221165932.jpg","網址":"https://shop.7-11.com.tw/shop/rui005.faces?ID=210700004114"}
,
{"field1":"179","賣場":"7_eleven","品名":"【Kleenex 舒潔】棉柔舒適平版衛生紙268抽x6包","品牌":"Kleenex 舒潔","種類":"平版","價格":"$219","圖片":"https://shop.7-11.com.tw/mdz_file/item/18/04/01/2107/21070000412G_intr_b_10_210709224354.jpg","網址":"https://shop.7-11.com.tw/shop/rui005.faces?ID=210700004123"}
,
{"field1":"180","賣場":"7_eleven","品名":"【Benibear 邦尼熊】抽取式衛生紙\t100抽x10包x2袋-黃版","品牌":"Benibear 邦尼熊","種類":"抽取","價格":"$249","圖片":"https://shop.7-11.com.tw/mdz_file/item/18/04/01/2107/21070000142G_intr_b_10_210702112658.jpg","網址":"https://shop.7-11.com.tw/shop/rui005.faces?ID=210700001423"}
,
{"field1":"181","賣場":"7_eleven","品名":"【Benibear 邦尼熊】抽取式衛生紙-腳踏車版250抽10入","品牌":"Benibear 邦尼熊","種類":"抽取","價格":"$179","圖片":"https://shop.7-11.com.tw/mdz_file/item/18/04/01/2107/21070000143G_intr_b_10_210702112659.jpg","網址":"https://shop.7-11.com.tw/shop/rui005.faces?ID=210700001432"}
,
{"field1":"182","賣場":"7_eleven","品名":"【五月花】花園版抽取式衛生紙100抽*10包*2袋","品牌":"五月花","種類":"抽取","價格":"$329","圖片":"https://shop.7-11.com.tw/mdz_file/item/18/04/01/2106/21060001859G_intr_b_10_210630124609.jpg","網址":"https://shop.7-11.com.tw/shop/rui005.faces?ID=210600018597"}
,
{"field1":"183","賣場":"7_eleven","品名":"【五月花】新柔韌抽取衛生紙100抽x10包x2袋","品牌":"五月花","種類":"抽取","價格":"$359","圖片":"https://shop.7-11.com.tw/mdz_file/item/18/04/01/2106/21060001860G_intr_b_10_210630124610.jpg","網址":"https://shop.7-11.com.tw/shop/rui005.faces?ID=210600018605"}
,
{"field1":"184","賣場":"7_eleven","品名":"【春風】小超人旅行包衛生紙60抽x3包x6串","品牌":"春風","種類":"","價格":"$299","圖片":"https://shop.7-11.com.tw/mdz_file/item/18/04/01/2106/21060001861G_intr_b_10_211001182252.jpg","網址":"https://shop.7-11.com.tw/shop/rui005.faces?ID=210600018614"}
,
{"field1":"185","賣場":"7_eleven","品名":"【寶島春風】抽取式衛生紙130抽x8包x2串","品牌":"寶島春風","種類":"抽取","價格":"$299","圖片":"https://shop.7-11.com.tw/mdz_file/item/18/04/01/2106/21060001271G_intr_b_10_210617164324.jpg","網址":"https://shop.7-11.com.tw/shop/rui005.faces?ID=210600012719"}
,
{"field1":"186","賣場":"7_eleven","品名":"【雪柔】金優質抽取衛生紙100抽x28包","品牌":"雪柔","種類":"抽取","價格":"$299","圖片":"https://shop.7-11.com.tw/mdz_file/item/18/04/01/2106/21060001272G_intr_b_10_210617164325.jpg","網址":"https://shop.7-11.com.tw/shop/rui005.faces?ID=210600012728"}
,
{"field1":"187","賣場":"7_eleven","品名":"【MAY FLOWER 五月花】厚棒抽取式衛生紙90抽x10包","品牌":"MAY FLOWER 五月花","種類":"抽取","價格":"$299","圖片":"https://shop.7-11.com.tw/mdz_file/item/18/04/01/2106/21060001273G_intr_b_10_210617164325.jpg","網址":"https://shop.7-11.com.tw/shop/rui005.faces?ID=210600012737"}
,
{"field1":"188","賣場":"7_eleven","品名":"【春風】3層厚手新肌感衛生紙100抽x10包x2串","品牌":"春風","種類":"","價格":"$359","圖片":"https://shop.7-11.com.tw/mdz_file/item/18/04/01/2106/21060001239G_intr_b_10_210617141302.jpg","網址":"https://shop.7-11.com.tw/shop/rui005.faces?ID=210600012395"}
,
{"field1":"189","賣場":"7_eleven","品名":"【淨世代】環保抽取衛生紙100抽x12包x2串","品牌":"淨世代","種類":"抽取","價格":"$249","圖片":"https://shop.7-11.com.tw/mdz_file/item/18/04/01/2106/21060001240G_intr_b_10_210617141303.jpg","網址":"https://shop.7-11.com.tw/shop/rui005.faces?ID=210600012403"}
,
{"field1":"190","賣場":"7_eleven","品名":"【蒲公英】環保抽取式衛生紙-100抽*12包*2串","品牌":"蒲公英","種類":"抽取","價格":"$269","圖片":"https://shop.7-11.com.tw/mdz_file/item/18/04/01/2106/21060001242G_intr_b_10_210617141303.jpg","網址":"https://shop.7-11.com.tw/shop/rui005.faces?ID=210600012421"}
,
{"field1":"191","賣場":"7_eleven","品名":"【春風】Hello Kitty3層抽取衛生紙90抽*20包","品牌":"春風","種類":"抽取","價格":"$399","圖片":"https://shop.7-11.com.tw/mdz_file/item/18/04/01/2106/21060001243G_intr_b_10_210617141304.jpg","網址":"https://shop.7-11.com.tw/shop/rui005.faces?ID=210600012430"}
,
{"field1":"192","賣場":"7_eleven","品名":"【春風】超細柔抽取式衛生紙110抽24包","品牌":"春風","種類":"抽取","價格":"$319","圖片":"https://shop.7-11.com.tw/mdz_file/item/18/04/01/2103/21030001477G_intr_b_10_220224133533.jpg","網址":"https://shop.7-11.com.tw/shop/rui005.faces?ID=210300014771"}
,
{"field1":"193","賣場":"7_eleven","品名":"蒲公英環保洗衣精-迷迭香2000gX1瓶＋1800gX2包＋衛生紙一串","品牌":"","種類":"","價格":"$449","圖片":"https://shop.7-11.com.tw/mdz_file/item/25/01/01/2103/21030001478G_intr_b_10_210325181909.jpg","網址":"https://shop.7-11.com.tw/shop/rui005.faces?ID=210300014780"}
,
{"field1":"194","賣場":"7_eleven","品名":"蒲公英環保洗衣精補充包-迷迭香1800gX3包＋衛生紙一串","品牌":"","種類":"","價格":"$429","圖片":"https://shop.7-11.com.tw/mdz_file/item/25/01/01/2103/21030001479G_intr_b_10_210325181909.jpg","網址":"https://shop.7-11.com.tw/shop/rui005.faces?ID=210300014799"}
,
{"field1":"195","賣場":"7_eleven","品名":"蒲公英環保超濃縮洗衣膠囊8gX16顆X6包＋衛生紙一串","品牌":"","種類":"","價格":"$599","圖片":"https://shop.7-11.com.tw/mdz_file/item/25/01/01/2103/21030001480G_intr_b_10_210325181910.jpg","網址":"https://shop.7-11.com.tw/shop/rui005.faces?ID=210300014807"}
,
{"field1":"196","賣場":"7_eleven","品名":"【雪柔】金優質抽取衛生紙90抽x6包","品牌":"雪柔","種類":"抽取","價格":"$99","圖片":"https://shop.7-11.com.tw/mdz_file/item/18/04/01/2102/21020000489G_intr_b_10_210812125251.jpg","網址":"https://shop.7-11.com.tw/shop/rui005.faces?ID=210200004899"}
,
{"field1":"197","賣場":"7_eleven","品名":"【得意】平版衛生紙300張x6包x8袋","品牌":"得意","種類":"平版","價格":"$860","圖片":"https://shop.7-11.com.tw/mdz_file/item/18/04/01/2007/20070008067G_intr_b_10_210721162303.jpg","網址":"https://shop.7-11.com.tw/shop/rui005.faces?ID=200700080679"}
,
{"field1":"198","賣場":"7_eleven","品名":"【原萃】優質抽取式衛生紙100抽*70包","品牌":"原萃","種類":"抽取","價格":"$599","圖片":"https://shop.7-11.com.tw/mdz_file/item/18/04/01/2005/20050013440G_intr_b_10_211117142906.jpg","網址":"https://shop.7-11.com.tw/shop/rui005.faces?ID=200500134408"}
,
{"field1":"199","賣場":"7_eleven","品名":"3M 無痕 極淨防水收納系列 抽取式衛生紙架","品牌":"","種類":"","價格":"$439","圖片":"https://shop.7-11.com.tw/mdz_file/item/25/11/04/2002/20020013412G_intr_b_10_220107162227.jpg","網址":"https://shop.7-11.com.tw/shop/rui005.faces?ID=200200134129"}
,
{"field1":"200","賣場":"7_eleven","品名":"【五月花】厚棒抽取式衛生紙90抽*10包*6袋","品牌":"五月花","種類":"抽取","價格":"$1,349","圖片":"https://shop.7-11.com.tw/mdz_file/item/18/04/01/1912/19120003404G_intr_b_10_210609104823.jpg","網址":"https://shop.7-11.com.tw/shop/rui005.faces?ID=191200034049"}
,
{"field1":"201","賣場":"7_eleven","品名":"【得意】連續抽取式花紋衛生紙100抽*10包*7袋-Y15","品牌":"得意","種類":"抽取","價格":"$740","圖片":"https://shop.7-11.com.tw/mdz_file/item/18/04/01/1910/19100004902G_intr_b_10_210426183359.jpg","網址":"https://shop.7-11.com.tw/shop/rui005.faces?ID=191000049025"}
,
{"field1":"202","賣場":"7_eleven","品名":"3M 17653D 浴室防水收納系列-抽取衛生紙收納架","品牌":"","種類":"","價格":"$279","圖片":"https://shop.7-11.com.tw/mdz_file/item/25/11/04/1903/19030011495G_intr_b_10_220106172921.jpg","網址":"https://shop.7-11.com.tw/shop/rui005.faces?ID=190300114950"}
,
{"field1":"203","賣場":"7_eleven","品名":"3M 17673B 無痕金屬防水收納系列-抽取式衛生紙收納架","品牌":"","種類":"","價格":"$990","圖片":"https://shop.7-11.com.tw/mdz_file/item/25/11/04/1903/19030007786G_intr_b_10_220106104451.jpg","網址":"https://shop.7-11.com.tw/shop/rui005.faces?ID=190300077862"}
,
{"field1":"204","賣場":"7_eleven","品名":"【春風】超細柔抽取式衛生紙110抽72包","品牌":"春風","種類":"抽取","價格":"$880","圖片":"https://shop.7-11.com.tw/mdz_file/item/18/04/01/1812/18120005907G_intr_b_10_220224133533.jpg","網址":"https://shop.7-11.com.tw/shop/rui005.faces?ID=181200059079"}
,
{"field1":"205","賣場":"7_eleven","品名":"簡約組合 優質抽取式衛生紙100抽*10包*8串『奢華金』","品牌":"","種類":"","價格":"$609","圖片":"https://shop.7-11.com.tw/mdz_file/item/18/04/01/1812/18120005911G_intr_b_10_200429182322.jpg","網址":"https://shop.7-11.com.tw/shop/rui005.faces?ID=181200059114"}
,
{"field1":"206","賣場":"7_eleven","品名":"【蒲公英】環保抽取衛生紙100抽x12包x6串／箱","品牌":"蒲公英","種類":"抽取","價格":"$699","圖片":"https://shop.7-11.com.tw/mdz_file/item/18/04/01/1809/18090001467G_intr_b_10_210609104821.jpg","網址":"https://shop.7-11.com.tw/shop/rui005.faces?ID=180900014672"}
,
{"field1":"207","賣場":"7_eleven","品名":"【淨世代】 環保抽取式衛生紙100抽12包x6串","品牌":"淨世代","種類":"抽取","價格":"$659","圖片":"https://shop.7-11.com.tw/mdz_file/item/18/04/01/1807/18070000076G_intr_b_10_210609104820.jpg","網址":"https://shop.7-11.com.tw/shop/rui005.faces?ID=180700000767"}
,
{"field1":"208","賣場":"7_eleven","品名":"簡約組合優質抽取式衛生紙(150抽X72包-箱)","品牌":"","種類":"","價格":"$720","圖片":"https://shop.7-11.com.tw/mdz_file/item/18/04/01/1804/18040003544G_intr_b_10_181128195007.jpg","網址":"https://shop.7-11.com.tw/shop/rui005.faces?ID=180400035444"}
,
{"field1":"209","賣場":"7_eleven","品名":"【五月花】新柔韌抽取式衛生紙110抽*12包*6袋(箱購)","品牌":"五月花","種類":"抽取","價格":"$939","圖片":"https://shop.7-11.com.tw/mdz_file/item/18/04/01/1612/16120018367G_intr_b_10_220222145257.jpg","網址":"https://shop.7-11.com.tw/shop/rui005.faces?ID=161200183675"}
,
{"field1":"210","賣場":"7_eleven","品名":"【五月花】蓬厚柔頂級抽取衛生紙100抽*12包*6袋(箱購)","品牌":"五月花","種類":"抽取","價格":"$959","圖片":"https://shop.7-11.com.tw/mdz_file/item/18/04/01/1608/16080014940G_intr_b_10_220222145259.jpg","網址":"https://shop.7-11.com.tw/shop/rui005.faces?ID=160800149402"}

]
