[
{"field1":"0","品名":"【舒潔】女性專用濕式衛生紙10抽／包(2入)","品牌":"舒潔","種類":"濕式","價格":"$39"}
,
{"field1":"1","品名":"【舒潔】女性專用濕式衛生紙10抽","品牌":"舒潔","種類":"濕式","價格":"$49"}
,
{"field1":"2","品名":"【春風】超細柔抽取式衛生紙110抽72包*2箱組+抽取衛生紙6包隨機","品牌":"春風","種類":"抽取","價格":"$1700"}
,
{"field1":"3","品名":"多用途防水衛生紙置物盒","品牌":"","種類":"","價格":"$359"}
,
{"field1":"4","品名":"Kleenex 舒潔-Baby Soft頂級3層舒適抽取衛生紙100抽x24包","品牌":"","種類":"","價格":"$569"}
,
{"field1":"5","品名":"MAY FLOWER 五月花 頂級妙用綿柔抽取衛生紙-輕巧包130抽X36包","品牌":"","種類":"","價格":"$469"}
,
{"field1":"6","品名":"Kirkland Signature 科克蘭 三層抽取衛生紙 120抽x24包","品牌":"","種類":"","價格":"$509"}
,
{"field1":"7","品名":"【春風】超細柔抽取式衛生紙110抽x24包x3串+抽取衛生紙6包","品牌":"春風","種類":"抽取","價格":"$880"}
,
{"field1":"8","品名":"Kirkland Signature 科克蘭 捲筒衛生紙","品牌":"","種類":"","價格":"$439"}
,
{"field1":"9","品名":"【春風】超細柔抽取式衛生紙110抽*72包＋日本獅王洗碗精x1瓶*香味隨機","品牌":"春風","種類":"抽取","價格":"$880"}
,
{"field1":"10","品名":"【簡約組合】抽取式衛生紙200抽20包3串-金","品牌":"簡約組合","種類":"抽取","價格":"$799"}
,
{"field1":"11","品名":"【科克蘭】三層抽取衛生紙 120張x24包","品牌":"科克蘭","種類":"抽取","價格":"$519"}
,
{"field1":"12","品名":"【科克蘭】三層抽取衛生紙 120張x24包x2串","品牌":"科克蘭","種類":"抽取","價格":"$939"}
,
{"field1":"13","品名":"【科克蘭】 三層抽取衛生紙 120張x24包x3串","品牌":"科克蘭","種類":"抽取","價格":"$1359"}
,
{"field1":"14","品名":"【Kleenex 舒潔】頂級四層喀什米爾抽取衛生紙 90抽x6包x2串","品牌":"Kleenex 舒潔","種類":"抽取","價格":"$349"}
,
{"field1":"15","品名":"【簡約組合】優質抽取式衛生紙150抽x10包x2串","品牌":"簡約組合","種類":"抽取","價格":"$279"}
,
{"field1":"16","品名":"【得意】平版衛生紙300張x6包","品牌":"得意","種類":"平版","價格":"$199"}
,
{"field1":"17","品名":"【春風】柔韌細緻平版衛生紙300張x6包","品牌":"春風","種類":"平版","價格":"$199"}
,
{"field1":"18","品名":"【五月花】平版衛生紙300張x6包","品牌":"五月花","種類":"平版","價格":"$199"}
,
{"field1":"19","品名":"【春風】Hello Kitty 抽取式衛生紙 限量包 100抽x10包x2串","品牌":"春風","種類":"抽取","價格":"$339"}
,
{"field1":"20","品名":"【唯潔雅】潔淨柔感抽取式衛生紙90抽x14包x2串","品牌":"唯潔雅","種類":"抽取","價格":"$280"}
,
{"field1":"21","品名":"【MAY FLOWER 五月花】厚棒抽取式衛生紙60抽*6包","品牌":"MAY FLOWER 五月花","種類":"抽取","價格":"$179"}
,
{"field1":"22","品名":"【得意】連續抽取式花紋衛生紙100抽x10包x2串","品牌":"得意","種類":"抽取","價格":"$299"}
,
{"field1":"23","品名":"【原萃】優質抽取式衛生紙100抽10包2串","品牌":"原萃","種類":"抽取","價格":"$230"}
,
{"field1":"24","品名":"【春風】一秒抽取式廚房紙巾120抽x6包+雪柔抽取衛生紙90抽x6包","品牌":"春風","種類":"抽取","價格":"$280"}
,
{"field1":"25","品名":"【簡約組合】優質抽取式衛生紙100抽x10包x2串-黃","品牌":"簡約組合","種類":"抽取","價格":"$230"}
,
{"field1":"26","品名":"【Kleenex 舒潔】棉柔舒適抽取衛生紙100抽x10包x2串","品牌":"Kleenex 舒潔","種類":"抽取","價格":"$369"}
,
{"field1":"27","品名":"【Kleenex 舒潔】頂級三層舒適竹炭萃取抽取衛生紙90抽x6包x2串","品牌":"Kleenex 舒潔","種類":"抽取","價格":"$350"}
,
{"field1":"28","品名":"【Kleenex 舒潔】棉柔舒適平版衛生紙268抽x6包","品牌":"Kleenex 舒潔","種類":"平版","價格":"$219"}
,
{"field1":"29","品名":"【Benibear 邦尼熊】抽取式衛生紙\t100抽x10包x2袋-黃版","品牌":"Benibear 邦尼熊","種類":"抽取","價格":"$249"}
,
{"field1":"30","品名":"【Benibear 邦尼熊】抽取式衛生紙-腳踏車版250抽10入","品牌":"Benibear 邦尼熊","種類":"抽取","價格":"$179"}
,
{"field1":"31","品名":"【五月花】花園版抽取式衛生紙100抽*10包*2袋","品牌":"五月花","種類":"抽取","價格":"$329"}
,
{"field1":"32","品名":"【五月花】新柔韌抽取衛生紙100抽x10包x2袋","品牌":"五月花","種類":"抽取","價格":"$359"}
,
{"field1":"33","品名":"【春風】小超人旅行包衛生紙60抽x3包x6串","品牌":"春風","種類":"","價格":"$299"}
,
{"field1":"34","品名":"【寶島春風】抽取式衛生紙130抽x8包x2串","品牌":"寶島春風","種類":"抽取","價格":"$299"}
,
{"field1":"35","品名":"【雪柔】金優質抽取衛生紙100抽x28包","品牌":"雪柔","種類":"抽取","價格":"$299"}
,
{"field1":"36","品名":"【MAY FLOWER 五月花】厚棒抽取式衛生紙90抽x10包","品牌":"MAY FLOWER 五月花","種類":"抽取","價格":"$299"}
,
{"field1":"37","品名":"【春風】3層厚手新肌感衛生紙100抽x10包x2串","品牌":"春風","種類":"","價格":"$359"}
,
{"field1":"38","品名":"【淨世代】環保抽取衛生紙100抽x12包x2串","品牌":"淨世代","種類":"抽取","價格":"$249"}
,
{"field1":"39","品名":"【蒲公英】環保抽取式衛生紙-100抽*12包*2串","品牌":"蒲公英","種類":"抽取","價格":"$269"}

]
